pair,start,end,alpha,beta
"('MATIC-USD', 'AVAX-USD')",2022-10-31,2022-12-29,-0.7514122017322044,16.02338466602981
"('MATIC-USD', 'AVAX-USD')",2022-11-01,2022-12-30,-0.8718670922526391,16.043626732886235
"('BTC-USD', 'MATIC-USD')",2022-11-02,2022-12-31,-0.23825398712879242,6.559519567329995e-05
"('ETH-USD', 'MATIC-USD')",2022-11-02,2022-12-31,-0.04597103349135292,0.0007426030813214881
"('MATIC-USD', 'AVAX-USD')",2022-11-02,2022-12-31,-1.1507277996288294,16.246376775684432
"('MATIC-USD', 'AVAX-USD')",2022-11-03,2023-01-01,-1.400083390123397,16.429038069330183
"('LTC-USD', 'AVAX-USD')",2022-11-04,2023-01-02,12.996841679166874,0.0013958004483500585
"('MATIC-USD', 'AVAX-USD')",2022-11-04,2023-01-02,-1.1910674538845345,16.11649252796767
"('LTC-USD', 'MATIC-USD')",2022-11-05,2023-01-03,0.9033810457121694,-0.0003391589222155897
"('LTC-USD', 'AVAX-USD')",2022-11-05,2023-01-03,12.845848259729896,0.0016448339014070248
"('MATIC-USD', 'AVAX-USD')",2022-11-05,2023-01-03,-0.5244437179528478,15.32603385280413
"('LTC-USD', 'MATIC-USD')",2022-11-06,2023-01-04,0.9076984919957132,-0.0004912966302841801
"('LTC-USD', 'AVAX-USD')",2022-11-06,2023-01-04,12.86566823788098,-0.00044715923600357343
"('MATIC-USD', 'AVAX-USD')",2022-11-06,2023-01-04,0.45581026981691297,14.170642448845635
"('LTC-USD', 'MATIC-USD')",2022-11-07,2023-01-05,0.9015520578387969,-0.00048593950087893805
"('LTC-USD', 'AVAX-USD')",2022-11-07,2023-01-05,12.687623692757322,0.0005456419821149254
"('MATIC-USD', 'AVAX-USD')",2022-11-07,2023-01-05,1.2700363913793942,13.201812344467607
"('LTC-USD', 'MATIC-USD')",2022-11-08,2023-01-06,0.8856387313703786,-0.000365116697567477
"('LTC-USD', 'AVAX-USD')",2022-11-08,2023-01-06,12.470358164067408,0.002157227890330045
"('MATIC-USD', 'AVAX-USD')",2022-11-08,2023-01-06,1.5237784972259532,12.900937949620968
"('MATIC-USD', 'AVAX-USD')",2022-11-09,2023-01-07,2.0050335019533083,12.315858057135804
"('LTC-USD', 'MATIC-USD')",2022-11-10,2023-01-08,0.8607681648220324,-5.819785033863913e-05
"('LTC-USD', 'AVAX-USD')",2022-11-10,2023-01-08,11.335372158232095,0.01702589310783048
"('MATIC-USD', 'AVAX-USD')",2022-11-10,2023-01-08,1.8617471058084665,12.460164044016148
"('LTC-USD', 'MATIC-USD')",2022-11-11,2023-01-09,0.789137299946981,0.0008868135298332994
"('MATIC-USD', 'AVAX-USD')",2022-11-11,2023-01-09,1.3621544808939197,13.052830108286914
"('MATIC-USD', 'AVAX-USD')",2022-11-12,2023-01-10,0.2673866529309814,14.36830698315188
"('MATIC-USD', 'AVAX-USD')",2022-11-14,2023-01-12,-1.169351641869724,16.170101549171825
"('ETH-USD', 'LTC-USD')",2022-11-15,2023-01-13,-23.91612688293084,0.07783508173949813
"('MATIC-USD', 'AVAX-USD')",2022-11-30,2023-01-28,-8.395838743578432,24.978156885923585
"('MATIC-USD', 'AVAX-USD')",2022-12-01,2023-01-29,-8.49839008760014,25.128525233512306
"('MATIC-USD', 'AVAX-USD')",2022-12-02,2023-01-30,-8.713543659773498,25.41243442950437
"('MATIC-USD', 'AVAX-USD')",2022-12-03,2023-01-31,-8.86548682445664,25.619681934594382
"('MATIC-USD', 'AVAX-USD')",2022-12-04,2023-02-01,-8.608759503358327,25.336714446046276
"('MATIC-USD', 'AVAX-USD')",2022-12-05,2023-02-02,-8.57535245350037,25.312945578480473
"('MATIC-USD', 'AVAX-USD')",2022-12-06,2023-02-03,-8.112379566395282,24.79401977334016
"('MATIC-USD', 'AVAX-USD')",2022-12-07,2023-02-04,-7.610717167587461,24.23187632153633
"('MATIC-USD', 'AVAX-USD')",2022-12-08,2023-02-05,-7.2818904894516665,23.864847224348875
"('MATIC-USD', 'AVAX-USD')",2022-12-09,2023-02-06,-6.983752217565976,23.54222604927656
"('ETH-USD', 'LTC-USD')",2022-12-10,2023-02-07,1.075652270273822,0.05673723888974263
"('ETH-USD', 'LTC-USD')",2022-12-11,2023-02-08,0.02199119877819775,0.05749900883233991
"('BTC-USD', 'LTC-USD')",2022-12-18,2023-02-15,8.291245076708126,0.003744762469452759
"('BTC-USD', 'LTC-USD')",2022-12-19,2023-02-16,9.037152155679536,0.003714961279739265
"('BTC-USD', 'LTC-USD')",2022-12-20,2023-02-17,10.225612733330145,0.0036619984801712488
"('BTC-USD', 'LTC-USD')",2022-12-21,2023-02-18,11.358975788522843,0.003611201058019837
"('BTC-USD', 'LTC-USD')",2022-12-22,2023-02-19,12.727964631606353,0.003548711149164856
"('BTC-USD', 'LTC-USD')",2022-12-23,2023-02-20,14.583748737402244,0.003460160725510708
"('BTC-USD', 'LTC-USD')",2022-12-24,2023-02-21,16.58119545129593,0.0033654278733576608
"('BTC-USD', 'LTC-USD')",2022-12-25,2023-02-22,18.33661138887009,0.003285379287989868
"('BTC-USD', 'LTC-USD')",2022-12-26,2023-02-23,19.47493781536611,0.003233025581552956
"('BTC-USD', 'LTC-USD')",2022-12-27,2023-02-24,20.410882333356195,0.0031892568597281907
"('LTC-USD', 'AVAX-USD')",2023-01-06,2023-03-06,-12.330815863711715,0.3304872849653148
"('BTC-USD', 'ETH-USD')",2023-01-08,2023-03-08,497.89256642914,0.048457255186068714
"('LTC-USD', 'AVAX-USD')",2023-01-08,2023-03-08,-10.635427920695609,0.3124262467596097
"('BTC-USD', 'ETH-USD')",2023-01-11,2023-03-11,508.04351933699974,0.04796792276738376
"('BTC-USD', 'ETH-USD')",2023-01-12,2023-03-12,488.3163600586069,0.04883978376924603
"('BTC-USD', 'ETH-USD')",2023-01-14,2023-03-14,479.219122390456,0.049252067969233676
"('BTC-USD', 'ETH-USD')",2023-01-15,2023-03-15,467.84782676380996,0.04970465746514598
"('BTC-USD', 'ETH-USD')",2023-01-16,2023-03-16,461.18528152134365,0.04993533244495226
"('BTC-USD', 'ETH-USD')",2023-01-17,2023-03-17,473.9811941942312,0.04930940311514521
"('BTC-USD', 'ETH-USD')",2023-01-19,2023-03-19,533.9496268773605,0.046596052776494
"('BTC-USD', 'ETH-USD')",2023-01-22,2023-03-22,617.794478418123,0.04279066251144684
"('BTC-USD', 'ETH-USD')",2023-01-23,2023-03-23,620.6406832178718,0.04263326095792216
"('BTC-USD', 'ETH-USD')",2023-01-24,2023-03-24,634.2382480696308,0.04200948102102232
"('BTC-USD', 'ETH-USD')",2023-01-25,2023-03-25,655.2106564391903,0.04111511697330619
"('BTC-USD', 'ETH-USD')",2023-01-26,2023-03-26,666.6009157195641,0.0406119320154257
"('BTC-USD', 'ETH-USD')",2023-01-27,2023-03-27,681.8744308496547,0.039935325210842317
"('BTC-USD', 'ETH-USD')",2023-01-28,2023-03-28,681.8567543203924,0.039941151587872786
"('BTC-USD', 'ETH-USD')",2023-01-29,2023-03-29,692.3560952375351,0.039510676750578066
"('BTC-USD', 'ETH-USD')",2023-01-30,2023-03-30,693.8567000115933,0.03943354948724707
"('BTC-USD', 'ETH-USD')",2023-01-31,2023-03-31,695.6484587287789,0.039381874831741985
"('BTC-USD', 'ETH-USD')",2023-02-01,2023-04-01,697.9711079669149,0.03929990145234848
"('BTC-USD', 'ETH-USD')",2023-02-02,2023-04-02,699.8900588530877,0.03920624955977697
"('MATIC-USD', 'AVAX-USD')",2023-02-02,2023-04-02,4.598951692483165,10.980855898688507
"('BTC-USD', 'ETH-USD')",2023-02-03,2023-04-03,693.4516160841215,0.03946780454299676
"('BTC-USD', 'ETH-USD')",2023-02-04,2023-04-04,674.3881843571389,0.04025787039327265
"('BTC-USD', 'ETH-USD')",2023-02-08,2023-04-08,600.8061915983183,0.04329143200956776
"('BTC-USD', 'MATIC-USD')",2023-02-19,2023-04-19,1.3390463715147705,-6.748458811505851e-06
"('ETH-USD', 'MATIC-USD')",2023-02-19,2023-04-19,1.2700714903417525,-6.140126896870446e-05
"('BTC-USD', 'MATIC-USD')",2023-02-20,2023-04-20,1.3132482062609199,-6.022366749964671e-06
"('ETH-USD', 'MATIC-USD')",2023-02-20,2023-04-20,1.2584089806719638,-5.870370423670144e-05
"('LTC-USD', 'MATIC-USD')",2023-02-20,2023-04-20,0.7161192105813722,0.004896116707104946
"('BTC-USD', 'MATIC-USD')",2023-02-22,2023-04-22,1.2707929137609693,-4.907636903274962e-06
"('ETH-USD', 'MATIC-USD')",2023-02-22,2023-04-22,1.2264709546678692,-4.8151682836465275e-05
"('ETH-USD', 'AVAX-USD')",2023-02-22,2023-04-22,6.992945560710009,0.005937741381098285
"('LTC-USD', 'MATIC-USD')",2023-02-22,2023-04-22,0.772727741100846,0.0041254115964933355
"('BTC-USD', 'MATIC-USD')",2023-02-23,2023-04-23,1.2448982736655156,-4.164242402696067e-06
"('ETH-USD', 'MATIC-USD')",2023-02-23,2023-04-23,1.2002353116002829,-3.6914472574586443e-05
"('ETH-USD', 'AVAX-USD')",2023-02-23,2023-04-23,6.556060403646886,0.006140207767128087
"('BTC-USD', 'MATIC-USD')",2023-02-24,2023-04-24,1.219612894938857,-3.428692084019762e-06
"('ETH-USD', 'AVAX-USD')",2023-02-24,2023-04-24,6.171617307889112,0.006320289633858844
"('BTC-USD', 'MATIC-USD')",2023-02-25,2023-04-25,1.2042607375202978,-3.0024712399052703e-06
"('BTC-USD', 'AVAX-USD')",2023-02-25,2023-04-25,8.960056384642701,0.00031610072427094366
"('ETH-USD', 'AVAX-USD')",2023-02-25,2023-04-25,5.79062721630948,0.006512847849026173
"('ETH-USD', 'AVAX-USD')",2023-02-26,2023-04-26,5.45203224756167,0.006679392117598281
"('BTC-USD', 'AVAX-USD')",2023-02-27,2023-04-27,8.354637211740318,0.000335629770723134
"('ETH-USD', 'AVAX-USD')",2023-02-27,2023-04-27,5.148425691824846,0.0068261798223592605
"('BTC-USD', 'AVAX-USD')",2023-02-28,2023-04-28,8.097308985008317,0.00034377857990803006
"('ETH-USD', 'AVAX-USD')",2023-02-28,2023-04-28,4.885103250380467,0.006953538234688488
"('ETH-USD', 'AVAX-USD')",2023-03-01,2023-04-29,4.723827677130814,0.007027635434244099
"('ETH-USD', 'AVAX-USD')",2023-03-02,2023-04-30,4.549003935084318,0.0071055188370421525
"('ETH-USD', 'AVAX-USD')",2023-03-03,2023-05-01,4.33219236428939,0.007206552310001365
"('ETH-USD', 'LTC-USD')",2023-03-04,2023-05-02,31.794335727422776,0.03144131997907364
"('BTC-USD', 'LTC-USD')",2023-03-05,2023-05-03,38.31978815202638,0.0018385825313871655
"('ETH-USD', 'LTC-USD')",2023-03-05,2023-05-03,29.37380799626257,0.032677163255345754
"('ETH-USD', 'AVAX-USD')",2023-03-05,2023-05-03,3.984985608346498,0.007367959254106681
"('ETH-USD', 'LTC-USD')",2023-03-06,2023-05-04,26.173861123512022,0.03433255914755424
"('BTC-USD', 'ETH-USD')",2023-04-08,2023-06-06,409.22680852339084,0.05257995537810318
"('BTC-USD', 'ETH-USD')",2023-04-10,2023-06-08,445.4306433854492,0.051375753718796754
"('BTC-USD', 'ETH-USD')",2023-04-11,2023-06-09,432.3796554106535,0.05189782552591216
"('BTC-USD', 'ETH-USD')",2023-04-12,2023-06-10,342.77670688217853,0.05516615003169248
"('BTC-USD', 'ETH-USD')",2023-04-13,2023-06-11,271.4902576418733,0.05776967305535392
"('ETH-USD', 'LTC-USD')",2023-05-08,2023-07-06,-108.91694499294128,0.10747720174906157
"('MATIC-USD', 'AVAX-USD')",2023-06-01,2023-07-30,5.718273952462365,10.45985281077688
"('MATIC-USD', 'AVAX-USD')",2023-06-02,2023-07-31,5.395179000967183,10.934981260870659
"('MATIC-USD', 'AVAX-USD')",2023-06-03,2023-08-01,5.070381797957975,11.408686322165316
"('BTC-USD', 'ETH-USD')",2023-06-04,2023-08-02,889.4816964751255,0.03325085720638654
"('BTC-USD', 'MATIC-USD')",2023-06-04,2023-08-02,0.4711138292509092,7.941060364890894e-06
"('ETH-USD', 'MATIC-USD')",2023-06-04,2023-08-02,-0.3718494293301141,0.0005787218202668337
"('MATIC-USD', 'AVAX-USD')",2023-06-04,2023-08-02,4.674170701497576,11.98417067299769
"('ETH-USD', 'MATIC-USD')",2023-06-05,2023-08-03,-0.3391509691077964,0.0005593497333749357
"('MATIC-USD', 'AVAX-USD')",2023-06-05,2023-08-03,4.312616413070091,12.510852931900985
"('BTC-USD', 'ETH-USD')",2023-06-06,2023-08-04,816.6465764956523,0.03562646887598752
"('BTC-USD', 'ETH-USD')",2023-06-07,2023-08-05,783.0526480507615,0.036713545894015556
"('ETH-USD', 'AVAX-USD')",2023-06-07,2023-08-05,-5.348439838997925,0.00988983179183269
"('BTC-USD', 'ETH-USD')",2023-06-08,2023-08-06,739.382362951051,0.038149603876503464
"('ETH-USD', 'AVAX-USD')",2023-06-08,2023-08-06,-5.561703212310348,0.009992204695791627
"('MATIC-USD', 'AVAX-USD')",2023-06-08,2023-08-06,3.8641205634955247,13.164931995280963
"('BTC-USD', 'ETH-USD')",2023-06-09,2023-08-07,688.6587992343083,0.03981470831722744
"('ETH-USD', 'AVAX-USD')",2023-06-09,2023-08-07,-5.667606628789261,0.010037754894382217
"('BTC-USD', 'ETH-USD')",2023-06-10,2023-08-08,635.0260068813502,0.04157945062888313
"('BTC-USD', 'ETH-USD')",2023-06-11,2023-08-09,602.9832603938182,0.04264092187249513
"('BTC-USD', 'ETH-USD')",2023-06-12,2023-08-10,566.3335499903077,0.04385738277832448
"('MATIC-USD', 'AVAX-USD')",2023-06-12,2023-08-10,4.011557137216504,12.943808359406454
"('BTC-USD', 'ETH-USD')",2023-06-13,2023-08-11,528.2352159528134,0.04512213649791058
"('BTC-USD', 'ETH-USD')",2023-06-14,2023-08-12,483.62296826379924,0.046605328603679566
"('MATIC-USD', 'AVAX-USD')",2023-06-14,2023-08-12,4.25097552028051,12.610917120080666
"('BTC-USD', 'ETH-USD')",2023-06-15,2023-08-13,489.046583599354,0.04641931990211357
"('BTC-USD', 'ETH-USD')",2023-06-16,2023-08-14,507.9330612446858,0.045783271388310176
"('BTC-USD', 'ETH-USD')",2023-06-17,2023-08-15,496.3183451542122,0.04616291708191655
"('BTC-USD', 'ETH-USD')",2023-06-18,2023-08-16,469.7222601556613,0.047043989094340655
"('BTC-USD', 'ETH-USD')",2023-06-23,2023-08-21,276.95104255278653,0.053469296300968173
"('LTC-USD', 'MATIC-USD')",2023-06-25,2023-08-23,0.3483451708527934,0.0038238905263304683
"('BTC-USD', 'ETH-USD')",2023-06-26,2023-08-24,203.25096114373648,0.05598128532267599
"('BTC-USD', 'ETH-USD')",2023-06-27,2023-08-25,188.07995214822563,0.056516170882081766
"('BTC-USD', 'LTC-USD')",2023-06-27,2023-08-25,-137.16935102585342,0.007672330213346205
"('MATIC-USD', 'AVAX-USD')",2023-06-27,2023-08-25,1.7345066290877602,16.03810660585631
"('BTC-USD', 'ETH-USD')",2023-06-28,2023-08-26,169.21595998901518,0.05717382768517605
"('BTC-USD', 'LTC-USD')",2023-06-28,2023-08-26,-138.449193369638,0.007723501552713081
"('MATIC-USD', 'AVAX-USD')",2023-06-28,2023-08-26,1.5454285816889555,16.285158807007114
"('BTC-USD', 'ETH-USD')",2023-06-29,2023-08-27,155.9896535926077,0.05766072320558127
"('LTC-USD', 'AVAX-USD')",2023-07-01,2023-08-29,5.180009544711617,0.08538362226101168
"('BTC-USD', 'LTC-USD')",2023-07-02,2023-08-30,-138.6301431078791,0.007727032267933195
"('ETH-USD', 'LTC-USD')",2023-07-02,2023-08-30,-149.9238214463931,0.12877642440305598
"('ETH-USD', 'AVAX-USD')",2023-07-03,2023-08-31,-11.801049134121635,0.013298032791248431
"('ETH-USD', 'AVAX-USD')",2023-07-04,2023-09-01,-12.181458439357636,0.013517108034289724
"('LTC-USD', 'MATIC-USD')",2023-07-04,2023-09-01,0.21182792329054442,0.005480320493129493
"('MATIC-USD', 'AVAX-USD')",2023-07-04,2023-09-01,0.7636378148810689,17.301806919667687
"('ETH-USD', 'MATIC-USD')",2023-07-05,2023-09-02,-0.7265920039986472,0.0007700526577112375
"('ETH-USD', 'AVAX-USD')",2023-07-05,2023-09-02,-12.560276948367168,0.013734725502940479
"('LTC-USD', 'MATIC-USD')",2023-07-05,2023-09-02,0.19147253602775913,0.005738374122389194
"('LTC-USD', 'AVAX-USD')",2023-07-05,2023-09-02,3.598153606483432,0.10495354064711804
"('BTC-USD', 'AVAX-USD')",2023-07-06,2023-09-03,-10.974472371900445,0.0008112154037086265
"('ETH-USD', 'AVAX-USD')",2023-07-06,2023-09-03,-12.875512422501432,0.013918298694877736
"('LTC-USD', 'MATIC-USD')",2023-07-06,2023-09-03,0.17053256412331746,0.006011369586943767
"('LTC-USD', 'AVAX-USD')",2023-07-06,2023-09-03,3.2415167376766707,0.10954008414648403
"('ETH-USD', 'AVAX-USD')",2023-07-07,2023-09-04,-12.929142680945573,0.013952097251297136
"('LTC-USD', 'MATIC-USD')",2023-07-07,2023-09-04,0.16203986641094664,0.006131905095506432
"('LTC-USD', 'AVAX-USD')",2023-07-07,2023-09-04,3.0329402585040586,0.11226870079589384
"('BTC-USD', 'ETH-USD')",2023-07-08,2023-09-05,91.62393874944479,0.05988969307677431
"('ETH-USD', 'LTC-USD')",2023-07-08,2023-09-05,-128.00059930767884,0.11634127477431211
"('ETH-USD', 'AVAX-USD')",2023-07-08,2023-09-05,-12.982946776748769,0.013986459199967482
"('LTC-USD', 'MATIC-USD')",2023-07-08,2023-09-05,0.15229225239993552,0.0062717029081835575
"('LTC-USD', 'AVAX-USD')",2023-07-08,2023-09-05,2.8272121766386533,0.1150282472350462
"('BTC-USD', 'ETH-USD')",2023-07-09,2023-09-06,79.69051038377609,0.0603320003285354
"('ETH-USD', 'AVAX-USD')",2023-07-09,2023-09-06,-12.846720315179438,0.01390631586492389
"('LTC-USD', 'AVAX-USD')",2023-07-09,2023-09-06,2.7526777113351137,0.11601531651072348
"('MATIC-USD', 'AVAX-USD')",2023-07-09,2023-09-06,0.4213345010558279,17.716532522513532
"('BTC-USD', 'ETH-USD')",2023-07-10,2023-09-07,64.56051193691667,0.06087813332764702
"('ETH-USD', 'AVAX-USD')",2023-07-10,2023-09-07,-12.751895465767682,0.013848353302221693
"('LTC-USD', 'AVAX-USD')",2023-07-10,2023-09-07,2.7225178842203155,0.11641729728055207
"('MATIC-USD', 'AVAX-USD')",2023-07-10,2023-09-07,0.4188679034667673,17.69049155309677
"('BTC-USD', 'ETH-USD')",2023-07-11,2023-09-08,51.348607998732426,0.06136281962034823
"('ETH-USD', 'LTC-USD')",2023-07-11,2023-09-08,-123.50045461110923,0.11363620427313238
"('ETH-USD', 'AVAX-USD')",2023-07-11,2023-09-08,-12.72379839548434,0.013831862782025216
"('LTC-USD', 'MATIC-USD')",2023-07-11,2023-09-08,0.13330621610573043,0.006548662217333834
"('LTC-USD', 'AVAX-USD')",2023-07-11,2023-09-08,2.634539341091854,0.11762873811649545
"('MATIC-USD', 'AVAX-USD')",2023-07-11,2023-09-08,0.3924448389356566,17.729502885732757
"('BTC-USD', 'ETH-USD')",2023-07-12,2023-09-09,30.948477153417624,0.06211350741608271
"('ETH-USD', 'LTC-USD')",2023-07-12,2023-09-09,-121.70378170424117,0.11257202803059542
"('ETH-USD', 'AVAX-USD')",2023-07-12,2023-09-09,-12.74150972501335,0.013841315760771649
"('LTC-USD', 'AVAX-USD')",2023-07-12,2023-09-09,2.5048179064436438,0.1193855015444984
"('MATIC-USD', 'AVAX-USD')",2023-07-12,2023-09-09,0.33634477065256463,17.81985172821987
"('MATIC-USD', 'AVAX-USD')",2023-07-13,2023-09-10,0.2794709247436843,17.908291288523362
"('BTC-USD', 'MATIC-USD')",2023-07-14,2023-09-11,-0.6719163755150133,4.687912821225675e-05
"('BTC-USD', 'AVAX-USD')",2023-07-14,2023-09-11,-12.797262233709091,0.0008775580043090685
"('LTC-USD', 'AVAX-USD')",2023-07-14,2023-09-11,2.161995116042509,0.12399353495477153
"('MATIC-USD', 'AVAX-USD')",2023-07-14,2023-09-11,-0.14356370118480785,18.60171822591138
"('ETH-USD', 'MATIC-USD')",2023-07-15,2023-09-12,-0.6669893212369704,0.0007385757888481284
"('ETH-USD', 'AVAX-USD')",2023-07-15,2023-09-12,-12.920274505226812,0.013950010329114722
"('MATIC-USD', 'AVAX-USD')",2023-07-15,2023-09-12,-0.22370705751869152,18.73287614827368
"('ETH-USD', 'AVAX-USD')",2023-07-16,2023-09-13,-12.680562562301963,0.01380416465116038
"('LTC-USD', 'MATIC-USD')",2023-07-16,2023-09-13,0.13526393800414901,0.0064884219597026475
"('LTC-USD', 'AVAX-USD')",2023-07-16,2023-09-13,2.243263458180218,0.12237953024658123
"('MATIC-USD', 'AVAX-USD')",2023-07-16,2023-09-13,-0.22439988416197104,18.729060084648907
"('ETH-USD', 'MATIC-USD')",2023-07-17,2023-09-14,-0.6517743754199051,0.000729216586949093
"('ETH-USD', 'AVAX-USD')",2023-07-17,2023-09-14,-12.643440435442763,0.013775440498681294
"('MATIC-USD', 'AVAX-USD')",2023-07-17,2023-09-14,-0.22572634422368787,18.723290244002943
"('MATIC-USD', 'AVAX-USD')",2023-07-18,2023-09-15,-0.25570606165842463,18.762506310444092
"('ETH-USD', 'AVAX-USD')",2023-07-19,2023-09-16,-12.543771153820911,0.01369870355032587
"('MATIC-USD', 'AVAX-USD')",2023-07-19,2023-09-16,-0.2676009480316357,18.769064695296656
"('ETH-USD', 'MATIC-USD')",2023-07-20,2023-09-17,-0.6396264044960183,0.0007212501425872369
"('ETH-USD', 'MATIC-USD')",2023-07-21,2023-09-18,-0.6274300514639864,0.0007136743474793328
"('ETH-USD', 'MATIC-USD')",2023-07-22,2023-09-19,-0.6087357828736044,0.0007024254787414626
"('ETH-USD', 'MATIC-USD')",2023-07-23,2023-09-20,-0.5904429027489181,0.0006915154909510569
"('ETH-USD', 'MATIC-USD')",2023-07-24,2023-09-21,-0.5672121304359485,0.000677789107499864
"('ETH-USD', 'MATIC-USD')",2023-07-25,2023-09-22,-0.5508375268531426,0.0006679507535385212
"('ETH-USD', 'AVAX-USD')",2023-07-25,2023-09-22,-12.350462422973964,0.013525264488866567
"('ETH-USD', 'MATIC-USD')",2023-07-26,2023-09-23,-0.5418654549970577,0.0006626110184844002
"('ETH-USD', 'MATIC-USD')",2023-07-27,2023-09-24,-0.529151484702629,0.0006550271963161133
"('ETH-USD', 'MATIC-USD')",2023-07-28,2023-09-25,-0.5156284273472795,0.0006469177744833302
"('BTC-USD', 'LTC-USD')",2023-07-29,2023-09-26,-106.9182956178742,0.006528074612979272
"('ETH-USD', 'MATIC-USD')",2023-07-29,2023-09-26,-0.5112812914097546,0.0006441865878831897
"('BTC-USD', 'LTC-USD')",2023-07-30,2023-09-27,-102.69260187072817,0.006365495049298106
"('ETH-USD', 'MATIC-USD')",2023-07-30,2023-09-27,-0.5062304735679279,0.0006408885674477923
"('BTC-USD', 'LTC-USD')",2023-07-31,2023-09-28,-97.98725231968994,0.0061831657038782465
"('ETH-USD', 'LTC-USD')",2023-07-31,2023-09-28,-82.7484037839481,0.09005581885413765
"('ETH-USD', 'MATIC-USD')",2023-07-31,2023-09-28,-0.5056901548496541,0.0006401347913646179
"('BTC-USD', 'LTC-USD')",2023-08-01,2023-09-29,-93.55920834087749,0.006012182889210012
"('ETH-USD', 'LTC-USD')",2023-08-01,2023-09-29,-78.9855023778442,0.08773475655741095
"('ETH-USD', 'MATIC-USD')",2023-08-01,2023-09-29,-0.506141277829058,0.0006399906840589521
"('BTC-USD', 'LTC-USD')",2023-08-02,2023-09-30,-87.95190389311287,0.005797813857536591
"('ETH-USD', 'LTC-USD')",2023-08-02,2023-09-30,-73.97469360025237,0.08466465609365938
"('ETH-USD', 'MATIC-USD')",2023-08-02,2023-09-30,-0.5025696692196585,0.0006374823743257289
"('ETH-USD', 'MATIC-USD')",2023-08-04,2023-10-02,-0.49115690544157664,0.0006301397404431798
"('ETH-USD', 'MATIC-USD')",2023-08-05,2023-10-03,-0.48786543935259685,0.00062828002317849
"('ETH-USD', 'MATIC-USD')",2023-08-06,2023-10-04,-0.4848644072257991,0.0006266338912113875
"('ETH-USD', 'MATIC-USD')",2023-08-07,2023-10-05,-0.4750766819039974,0.0006209298961915366
"('ETH-USD', 'MATIC-USD')",2023-08-08,2023-10-06,-0.4689868667454852,0.000617398141307143
"('ETH-USD', 'MATIC-USD')",2023-08-09,2023-10-07,-0.45696236523129424,0.000610330265748412
"('ETH-USD', 'MATIC-USD')",2023-08-11,2023-10-09,-0.41106472064258587,0.0005828115770625582
"('ETH-USD', 'MATIC-USD')",2023-08-12,2023-10-10,-0.38300390259923645,0.0005658378233270719
"('ETH-USD', 'MATIC-USD')",2023-08-13,2023-10-11,-0.34816645104957394,0.0005446313082675359
"('BTC-USD', 'LTC-USD')",2023-08-16,2023-10-14,15.242237288428484,0.0018497727191491263
"('MATIC-USD', 'AVAX-USD')",2023-08-17,2023-10-15,-2.492036206080258,22.554791350559558
"('MATIC-USD', 'AVAX-USD')",2023-08-18,2023-10-16,-2.4242838804546305,22.42102794004736
"('MATIC-USD', 'AVAX-USD')",2023-08-19,2023-10-17,-2.26859209745048,22.120351491226277
"('MATIC-USD', 'AVAX-USD')",2023-08-20,2023-10-18,-2.095736040393444,21.785128945885855
"('BTC-USD', 'MATIC-USD')",2023-08-28,2023-10-26,0.21003009326938177,1.2129724896821965e-05
"('BTC-USD', 'MATIC-USD')",2023-09-04,2023-11-02,0.16238808307342822,1.373899524668245e-05
"('ETH-USD', 'LTC-USD')",2023-09-10,2023-11-08,14.510376344506337,0.03054316406694042
"('ETH-USD', 'LTC-USD')",2023-09-11,2023-11-09,19.562556668598585,0.027508493696312343
"('ETH-USD', 'LTC-USD')",2023-09-12,2023-11-10,22.613664821945697,0.025701551042706647
"('MATIC-USD', 'AVAX-USD')",2023-09-12,2023-11-10,1.0322533049675344,15.705105199088873
"('LTC-USD', 'MATIC-USD')",2023-09-13,2023-11-11,-0.8963820643287017,0.022361626633575844
"('MATIC-USD', 'AVAX-USD')",2023-09-13,2023-11-11,0.20238203087048054,17.205578720075867
"('ETH-USD', 'LTC-USD')",2023-09-14,2023-11-12,23.73010718455072,0.025094984056329407
"('MATIC-USD', 'AVAX-USD')",2023-09-14,2023-11-12,-0.8084101109314628,18.99624212322358
"('ETH-USD', 'LTC-USD')",2023-09-15,2023-11-13,25.55721159315067,0.02400690007634565
"('MATIC-USD', 'AVAX-USD')",2023-09-15,2023-11-13,-0.8930939541516187,19.136496219259083
"('ETH-USD', 'LTC-USD')",2023-09-16,2023-11-14,26.1846872231627,0.023607732352579944
"('MATIC-USD', 'AVAX-USD')",2023-09-16,2023-11-14,-1.0190143649453376,19.352592916133734
"('BTC-USD', 'MATIC-USD')",2023-09-17,2023-11-15,-0.1908337446488485,2.621069771375737e-05
"('ETH-USD', 'LTC-USD')",2023-09-17,2023-11-15,26.3933425166309,0.023474128815955612
"('MATIC-USD', 'AVAX-USD')",2023-09-17,2023-11-15,-1.8714471843763099,20.849816894913157
"('ETH-USD', 'LTC-USD')",2023-09-18,2023-11-16,26.81444615029482,0.023227388707791168
"('ETH-USD', 'LTC-USD')",2023-09-21,2023-11-19,28.10225670055095,0.022384109279753307
"('ETH-USD', 'MATIC-USD')",2023-09-24,2023-11-22,-0.6129760541982417,0.0007112779769484474
"('ETH-USD', 'MATIC-USD')",2023-09-25,2023-11-23,-0.592700896443242,0.0006990777440893899
"('ETH-USD', 'MATIC-USD')",2023-09-26,2023-11-24,-0.5665214397354441,0.0006834279767684558
"('ETH-USD', 'MATIC-USD')",2023-09-27,2023-11-25,-0.5444664485202156,0.0006705013676310058
"('ETH-USD', 'MATIC-USD')",2023-10-01,2023-11-29,-0.4678350649505216,0.0006271614914041097
"('BTC-USD', 'ETH-USD')",2023-10-11,2023-12-09,183.17556229028688,0.049019287861068635
"('BTC-USD', 'ETH-USD')",2023-10-12,2023-12-10,159.1866124295898,0.04967219175125673
"('BTC-USD', 'ETH-USD')",2023-10-13,2023-12-11,140.73538722214997,0.050170105388995724
"('BTC-USD', 'ETH-USD')",2023-10-14,2023-12-12,122.66090550112335,0.0506324373489748
"('BTC-USD', 'ETH-USD')",2023-10-15,2023-12-13,104.0243005661176,0.05109570529004325
"('BTC-USD', 'ETH-USD')",2023-10-16,2023-12-14,76.09870661315718,0.05183352032462236
"('BTC-USD', 'ETH-USD')",2023-10-17,2023-12-15,65.55428515377626,0.052084842706989806
"('BTC-USD', 'ETH-USD')",2023-10-18,2023-12-16,65.620103788493,0.052056784306200705
"('ETH-USD', 'LTC-USD')",2023-10-18,2023-12-16,44.44423429708736,0.013132870898194286
"('BTC-USD', 'ETH-USD')",2023-10-19,2023-12-17,59.383737104175864,0.05220329962933175
"('BTC-USD', 'ETH-USD')",2023-10-20,2023-12-18,70.75383870932784,0.05186699251840417
"('BTC-USD', 'ETH-USD')",2023-10-21,2023-12-19,91.4856011339633,0.0512831732416217
"('BTC-USD', 'ETH-USD')",2023-10-24,2023-12-22,152.53873387656333,0.049579170611764825
"('BTC-USD', 'ETH-USD')",2023-10-25,2023-12-23,169.67583763572603,0.04915101543986612
"('BTC-USD', 'ETH-USD')",2023-10-26,2023-12-24,193.87258234408893,0.04855206502622865
"('BTC-USD', 'ETH-USD')",2023-10-27,2023-12-25,217.43495537793777,0.04795022579649611
"('BTC-USD', 'ETH-USD')",2023-10-28,2023-12-26,242.006612943661,0.04733718893363751
"('BTC-USD', 'ETH-USD')",2023-10-29,2023-12-27,248.3207398401372,0.047243847084835304
"('BTC-USD', 'ETH-USD')",2023-10-30,2023-12-28,258.5271376620968,0.04705629069332011
"('BTC-USD', 'ETH-USD')",2023-10-31,2023-12-29,272.78712250178535,0.04675106898779629
"('BTC-USD', 'ETH-USD')",2023-11-01,2023-12-30,291.04341591161966,0.046342618546594896
"('BTC-USD', 'ETH-USD')",2023-11-02,2023-12-31,311.54853889366706,0.04587551953692272
"('BTC-USD', 'ETH-USD')",2023-11-03,2024-01-01,346.2317461124912,0.04505871625789742
"('BTC-USD', 'ETH-USD')",2023-11-04,2024-01-02,379.99090006075437,0.04424098196212912
"('BTC-USD', 'ETH-USD')",2023-11-05,2024-01-03,417.89461823484135,0.043300720585034216
"('BTC-USD', 'ETH-USD')",2023-11-06,2024-01-04,449.5704679194783,0.04250616838080286
"('BTC-USD', 'ETH-USD')",2023-11-07,2024-01-05,480.0030785085997,0.04174592034667608
"('BTC-USD', 'MATIC-USD')",2023-11-07,2024-01-05,0.3726899209255667,1.1819230565313728e-05
"('BTC-USD', 'ETH-USD')",2023-11-08,2024-01-06,526.0220082812513,0.04061084857665485
"('BTC-USD', 'MATIC-USD')",2023-11-08,2024-01-06,0.4075226402013438,1.0954981752331852e-05
"('BTC-USD', 'ETH-USD')",2023-11-09,2024-01-07,580.271447174532,0.03927763136048712
"('BTC-USD', 'MATIC-USD')",2023-11-09,2024-01-07,0.4311725579065932,1.0341764928965338e-05
"('ETH-USD', 'MATIC-USD')",2023-11-09,2024-01-07,0.1320864249989844,0.0003304099980460415
"('BTC-USD', 'MATIC-USD')",2023-11-10,2024-01-08,0.44819995160428955,9.876478851901682e-06
"('BTC-USD', 'ETH-USD')",2023-11-11,2024-01-09,592.8293927517665,0.03886152459281617
"('BTC-USD', 'MATIC-USD')",2023-11-11,2024-01-09,0.47466665418743337,9.180745353417663e-06
"('BTC-USD', 'ETH-USD')",2023-11-12,2024-01-10,522.7102285957437,0.04062819798877627
"('BTC-USD', 'MATIC-USD')",2023-11-12,2024-01-10,0.48032684330480285,9.046565212484691e-06
"('BTC-USD', 'ETH-USD')",2023-11-13,2024-01-11,446.09285859191004,0.04255962331824813
"('BTC-USD', 'ETH-USD')",2023-11-14,2024-01-12,403.49302025422946,0.04366691071804016
"('BTC-USD', 'ETH-USD')",2023-11-15,2024-01-13,367.42680981845035,0.04464577815076122
"('BTC-USD', 'ETH-USD')",2023-11-16,2024-01-14,368.1051092397896,0.044724329966638596
"('BTC-USD', 'ETH-USD')",2023-11-17,2024-01-15,368.58710767959013,0.04481901620195462
"('MATIC-USD', 'AVAX-USD')",2023-12-23,2024-02-20,6.446656343970596,35.883951342352596
"('BTC-USD', 'AVAX-USD')",2023-12-24,2024-02-21,12.916188123362584,0.0005413195365072985
"('LTC-USD', 'AVAX-USD')",2023-12-24,2024-02-21,-25.46098485402976,0.8979915875205591
"('MATIC-USD', 'AVAX-USD')",2023-12-24,2024-02-21,6.759935898954695,35.25377805186885
"('BTC-USD', 'AVAX-USD')",2023-12-25,2024-02-22,12.96497476669986,0.0005344793247405188
"('ETH-USD', 'AVAX-USD')",2023-12-25,2024-02-22,23.301573834586893,0.005540322668016023
"('LTC-USD', 'AVAX-USD')",2023-12-25,2024-02-22,-23.230780897936413,0.8638429257973239
"('MATIC-USD', 'AVAX-USD')",2023-12-25,2024-02-22,7.5386469431285414,34.04324269326359
"('BTC-USD', 'AVAX-USD')",2023-12-26,2024-02-23,13.166975831221503,0.0005239558383555758
"('BTC-USD', 'LTC-USD')",2023-12-27,2024-02-24,63.790604069845784,0.00012672224625707247
"('ETH-USD', 'LTC-USD')",2023-12-27,2024-02-24,61.41258391897157,0.0032644281596080236
"('BTC-USD', 'LTC-USD')",2023-12-28,2024-02-25,63.203555527739226,0.00013720067288235845
"('ETH-USD', 'LTC-USD')",2023-12-28,2024-02-25,61.409675627440635,0.0032109313604075478
"('BTC-USD', 'LTC-USD')",2023-12-29,2024-02-26,61.61798183004821,0.00016978620106330335
"('ETH-USD', 'LTC-USD')",2023-12-29,2024-02-26,60.407250373663935,0.0035617877227699032
"('BTC-USD', 'ETH-USD')",2023-12-30,2024-02-27,-58.737788070716995,0.05649005125666779
"('BTC-USD', 'LTC-USD')",2023-12-30,2024-02-27,59.651019513580465,0.00021219657562085204
"('ETH-USD', 'LTC-USD')",2023-12-30,2024-02-27,58.95222507056406,0.004121393122779674
"('BTC-USD', 'ETH-USD')",2023-12-31,2024-02-28,-8.432089544214783,0.05537540042961398
"('BTC-USD', 'LTC-USD')",2023-12-31,2024-02-28,58.08579428137915,0.0002451469229768306
"('ETH-USD', 'LTC-USD')",2023-12-31,2024-02-28,57.62193193655841,0.0046245571463962055
"('BTC-USD', 'LTC-USD')",2024-01-01,2024-02-29,54.66496740027199,0.00031996112197430946
"('BTC-USD', 'MATIC-USD')",2024-01-01,2024-02-29,0.20258760450903668,1.433129923231855e-05
"('BTC-USD', 'AVAX-USD')",2024-01-01,2024-02-29,16.03674058846013,0.0004422785324356505
"('ETH-USD', 'LTC-USD')",2024-01-01,2024-02-29,54.722693110966695,0.005774059339523115
"('BTC-USD', 'ETH-USD')",2024-01-02,2024-03-01,23.45471977125454,0.054720569314120004
"('BTC-USD', 'MATIC-USD')",2024-01-02,2024-03-01,0.21629596908910012,1.3946719309383973e-05
"('BTC-USD', 'AVAX-USD')",2024-01-02,2024-03-01,15.853701690460886,0.000443670691439943
"('BTC-USD', 'AVAX-USD')",2024-01-03,2024-03-02,15.25292110659775,0.00045510688396970444
"('ETH-USD', 'LTC-USD')",2024-01-03,2024-03-02,44.89622753877016,0.009692102206300434
"('ETH-USD', 'MATIC-USD')",2024-01-03,2024-03-02,0.22902363135063336,0.0002467048359666368
"('ETH-USD', 'LTC-USD')",2024-01-04,2024-03-03,41.739474453077335,0.010983457022464248
"('ETH-USD', 'MATIC-USD')",2024-01-04,2024-03-03,0.21709756866843188,0.00025074770744097906
"('BTC-USD', 'MATIC-USD')",2024-01-08,2024-03-07,0.22094014707377782,1.3746183597850624e-05
"('ETH-USD', 'MATIC-USD')",2024-01-09,2024-03-08,0.22633697848551554,0.0002444225854602828
"('ETH-USD', 'MATIC-USD')",2024-01-10,2024-03-09,0.23085992410890885,0.00024259602448517203
"('ETH-USD', 'MATIC-USD')",2024-01-11,2024-03-10,0.2179971276935884,0.0002473236884002205
"('BTC-USD', 'MATIC-USD')",2024-01-12,2024-03-11,0.2087455681714642,1.399723758403793e-05
"('ETH-USD', 'MATIC-USD')",2024-01-12,2024-03-11,0.21118845092921207,0.00024950295204556117
"('BTC-USD', 'MATIC-USD')",2024-01-13,2024-03-12,0.20860033690983695,1.3972742488486676e-05
"('ETH-USD', 'MATIC-USD')",2024-01-13,2024-03-12,0.21336195317329762,0.0002484662506205952
"('ETH-USD', 'MATIC-USD')",2024-01-14,2024-03-13,0.20218017488787884,0.00025258151984034556
"('BTC-USD', 'MATIC-USD')",2024-01-15,2024-03-14,0.1886458492066885,1.433852964372854e-05
"('ETH-USD', 'MATIC-USD')",2024-01-15,2024-03-14,0.19644656099859134,0.00025473262296931955
"('ETH-USD', 'MATIC-USD')",2024-01-16,2024-03-15,0.19654936676836668,0.0002546049671296458
"('BTC-USD', 'MATIC-USD')",2024-01-17,2024-03-16,0.19273363557208698,1.419423025292539e-05
"('ETH-USD', 'MATIC-USD')",2024-01-17,2024-03-16,0.20054209596780176,0.00025300741255706807
"('ETH-USD', 'MATIC-USD')",2024-01-18,2024-03-17,0.20542070763827197,0.0002513298548135856
"('BTC-USD', 'LTC-USD')",2024-01-19,2024-03-18,29.518605813783072,0.0008667697084446871
"('ETH-USD', 'MATIC-USD')",2024-01-19,2024-03-18,0.2123878066519659,0.00024886529420620277
"('BTC-USD', 'LTC-USD')",2024-01-20,2024-03-19,29.110293130955927,0.000871209759804
"('ETH-USD', 'MATIC-USD')",2024-01-20,2024-03-19,0.2188910092148184,0.0002466970627271142
"('BTC-USD', 'LTC-USD')",2024-01-21,2024-03-20,28.750620118085333,0.00087496579413984
"('ETH-USD', 'MATIC-USD')",2024-01-21,2024-03-20,0.22704499926627716,0.00024377321516511324
"('BTC-USD', 'LTC-USD')",2024-01-22,2024-03-21,27.985179101535625,0.0008869040066400016
"('ETH-USD', 'MATIC-USD')",2024-01-22,2024-03-21,0.2354297165985225,0.00024074850862716162
"('BTC-USD', 'LTC-USD')",2024-01-23,2024-03-22,27.4364017857643,0.0008952204681233368
"('ETH-USD', 'MATIC-USD')",2024-01-23,2024-03-22,0.2428054185599479,0.0002381810885450496
"('BTC-USD', 'LTC-USD')",2024-01-24,2024-03-23,27.048490902384017,0.0009017141479061679
"('ETH-USD', 'MATIC-USD')",2024-01-24,2024-03-23,0.2514016125752424,0.00023532106470851462
"('BTC-USD', 'LTC-USD')",2024-01-25,2024-03-24,26.421632625761188,0.0009126653571418039
"('ETH-USD', 'MATIC-USD')",2024-01-25,2024-03-24,0.25923365935867854,0.00023267598352919735
"('BTC-USD', 'LTC-USD')",2024-01-26,2024-03-25,25.94334693898049,0.000920513908263935
"('ETH-USD', 'MATIC-USD')",2024-01-26,2024-03-25,0.26888962579745557,0.0002295021819858647
"('BTC-USD', 'LTC-USD')",2024-01-27,2024-03-26,24.97798440292562,0.0009383651751981161
"('ETH-USD', 'MATIC-USD')",2024-01-27,2024-03-26,0.27632760608058804,0.0002270141199825247
"('BTC-USD', 'LTC-USD')",2024-01-28,2024-03-27,24.076155387203162,0.0009541030738832085
"('ETH-USD', 'MATIC-USD')",2024-01-28,2024-03-27,0.2797530337594896,0.00022560071175748388
"('BTC-USD', 'LTC-USD')",2024-01-29,2024-03-28,23.100654953414747,0.0009705507151813533
"('BTC-USD', 'LTC-USD')",2024-02-05,2024-04-04,10.964494750792761,0.0011901770002583619
"('BTC-USD', 'LTC-USD')",2024-02-06,2024-04-05,8.973816423559558,0.0012228631659325694
"('BTC-USD', 'LTC-USD')",2024-02-07,2024-04-06,6.407707768745209,0.0012649897545451902
"('BTC-USD', 'LTC-USD')",2024-02-08,2024-04-07,4.015462431600644,0.001303837244889549
"('BTC-USD', 'LTC-USD')",2024-02-09,2024-04-08,1.0732902299598173,0.0013505485505755509
"('BTC-USD', 'LTC-USD')",2024-02-10,2024-04-09,-0.872486611597552,0.0013807734509242167
"('BTC-USD', 'LTC-USD')",2024-02-11,2024-04-10,-2.5540097595063314,0.0014059115628688554
"('BTC-USD', 'LTC-USD')",2024-02-12,2024-04-11,-4.739608991372409,0.0014394074900502905
"('BTC-USD', 'LTC-USD')",2024-02-13,2024-04-12,-6.147231230405781,0.0014584671612047266
"('BTC-USD', 'LTC-USD')",2024-02-14,2024-04-13,-7.193449226630206,0.0014716969231531015
"('BTC-USD', 'LTC-USD')",2024-02-15,2024-04-14,-7.28047791052637,0.0014703398188479519
"('BTC-USD', 'LTC-USD')",2024-02-16,2024-04-15,-7.843791085422257,0.0014768459484230216
"('BTC-USD', 'LTC-USD')",2024-02-17,2024-04-16,-8.576995603948632,0.0014861467559805794
"('BTC-USD', 'LTC-USD')",2024-02-18,2024-04-17,-9.518848579942105,0.0014996180443261936
"('BTC-USD', 'LTC-USD')",2024-02-19,2024-04-18,-10.651044084859032,0.001515233454278269
"('BTC-USD', 'LTC-USD')",2024-02-20,2024-04-19,-12.54617288454133,0.0015420712047719287
"('BTC-USD', 'LTC-USD')",2024-02-21,2024-04-20,-13.38719076076345,0.001553863968091202
"('ETH-USD', 'MATIC-USD')",2024-03-02,2024-04-30,-1.1076532463559183,0.0005920323352868994
"('ETH-USD', 'MATIC-USD')",2024-03-03,2024-05-01,-1.097747389728011,0.0005884913324740316
"('ETH-USD', 'MATIC-USD')",2024-03-04,2024-05-02,-1.075253125788916,0.0005815678438837192
"('BTC-USD', 'LTC-USD')",2024-03-05,2024-05-03,-39.65241464328229,0.0019383516989051244
"('BTC-USD', 'LTC-USD')",2024-03-06,2024-05-04,-39.788787749249515,0.0019402651830179702
"('BTC-USD', 'LTC-USD')",2024-03-07,2024-05-05,-40.443458889374305,0.0019499844159572512
"('BTC-USD', 'LTC-USD')",2024-03-08,2024-05-06,-41.14506844427272,0.0019605295214141396
"('BTC-USD', 'LTC-USD')",2024-03-09,2024-05-07,-41.89086456031073,0.001972724124378461
"('BTC-USD', 'LTC-USD')",2024-03-10,2024-05-08,-40.9492672210449,0.0019598404289026235
"('MATIC-USD', 'AVAX-USD')",2024-03-10,2024-05-08,5.2250882509167225,45.116254092337634
"('BTC-USD', 'LTC-USD')",2024-03-11,2024-05-09,-42.416165881599966,0.0019838085441359525
"('MATIC-USD', 'AVAX-USD')",2024-03-11,2024-05-09,1.893633041246468,49.292975094844536
"('BTC-USD', 'LTC-USD')",2024-03-12,2024-05-10,-39.72133220806259,0.0019427367848021911
"('BTC-USD', 'LTC-USD')",2024-03-13,2024-05-11,-39.094577267454106,0.0019343788902972455
"('BTC-USD', 'LTC-USD')",2024-03-14,2024-05-12,-41.84448091080061,0.001977912560024571
"('MATIC-USD', 'AVAX-USD')",2024-03-14,2024-05-12,-5.324175452472313,58.37044596140846
"('BTC-USD', 'LTC-USD')",2024-03-15,2024-05-13,-45.36479606761957,0.0020324610917545442
"('MATIC-USD', 'AVAX-USD')",2024-03-15,2024-05-13,-8.406973776272869,62.30957012763264
"('BTC-USD', 'LTC-USD')",2024-03-16,2024-05-14,-48.0378185370369,0.002074594832860495
"('MATIC-USD', 'AVAX-USD')",2024-03-16,2024-05-14,-9.34554492544367,63.52824433078219
"('BTC-USD', 'LTC-USD')",2024-03-17,2024-05-15,-47.484619478990055,0.0020652274598131717
"('MATIC-USD', 'AVAX-USD')",2024-03-17,2024-05-15,-9.81196455589493,64.17913365187684
"('ETH-USD', 'LTC-USD')",2024-03-18,2024-05-16,-9.285278395281782,0.029946518227226784
"('MATIC-USD', 'AVAX-USD')",2024-03-18,2024-05-16,-10.223900485698652,64.72297216094715
"('ETH-USD', 'LTC-USD')",2024-03-19,2024-05-17,-11.892257846613084,0.030804712715568332
"('ETH-USD', 'MATIC-USD')",2024-03-19,2024-05-17,-0.9349188023450438,0.0005385073028562797
"('ETH-USD', 'AVAX-USD')",2024-03-19,2024-05-17,-67.75275223015485,0.033910403881095987
"('MATIC-USD', 'AVAX-USD')",2024-03-19,2024-05-17,-9.502399110366305,63.746290699342126
"('ETH-USD', 'LTC-USD')",2024-03-20,2024-05-18,-11.316376773505954,0.030659035592030592
"('LTC-USD', 'MATIC-USD')",2024-03-20,2024-05-18,-0.22208669094195732,0.011658311233754493
"('LTC-USD', 'AVAX-USD')",2024-03-20,2024-05-18,-21.079845749762086,0.7133359385399759
"('MATIC-USD', 'AVAX-USD')",2024-03-20,2024-05-18,-9.050263634607264,63.13747260783773
"('ETH-USD', 'LTC-USD')",2024-03-21,2024-05-19,-15.095880350556802,0.03188977007895067
"('LTC-USD', 'MATIC-USD')",2024-03-21,2024-05-19,-0.24636415813750917,0.011879231182602678
"('MATIC-USD', 'AVAX-USD')",2024-03-21,2024-05-19,-8.51572324488522,62.44657135199502
"('LTC-USD', 'MATIC-USD')",2024-03-22,2024-05-20,-0.2585470744332891,0.011965245906247876
"('LTC-USD', 'AVAX-USD')",2024-03-22,2024-05-20,-23.384514636372145,0.7329104889116003
"('MATIC-USD', 'AVAX-USD')",2024-03-22,2024-05-20,-8.386195685719306,62.3148990717181
"('BTC-USD', 'ETH-USD')",2024-03-23,2024-05-21,-815.5666426829764,0.06164475557575363
"('LTC-USD', 'MATIC-USD')",2024-03-23,2024-05-21,-0.28348728118690586,0.012192679896473407
"('LTC-USD', 'AVAX-USD')",2024-03-23,2024-05-21,-25.033531761761427,0.7487300572068166
"('LTC-USD', 'MATIC-USD')",2024-03-24,2024-05-22,-0.2997097249052789,0.012328014130877838
"('LTC-USD', 'AVAX-USD')",2024-03-24,2024-05-22,-25.897584008593668,0.7559900711108926
"('BTC-USD', 'ETH-USD')",2024-03-25,2024-05-23,-1000.5377829728174,0.064552562338513
"('LTC-USD', 'MATIC-USD')",2024-03-25,2024-05-23,-0.29527381752458187,0.012236278937677985
"('LTC-USD', 'AVAX-USD')",2024-03-25,2024-05-23,-25.56445524152169,0.7495408073112849
"('BTC-USD', 'ETH-USD')",2024-03-26,2024-05-24,-1048.0468251539946,0.06533368204519165
"('LTC-USD', 'MATIC-USD')",2024-03-26,2024-05-24,-0.28570855467198836,0.012079056443748445
"('LTC-USD', 'AVAX-USD')",2024-03-26,2024-05-24,-24.838215093897862,0.738288878511695
"('BTC-USD', 'ETH-USD')",2024-03-27,2024-05-25,-1112.0690970003457,0.06636135814046128
"('LTC-USD', 'MATIC-USD')",2024-03-27,2024-05-25,-0.25902194770041664,0.011738334253449346
"('LTC-USD', 'AVAX-USD')",2024-03-27,2024-05-25,-23.25298184461331,0.7183312483984459
"('LTC-USD', 'MATIC-USD')",2024-03-28,2024-05-26,-0.24016246703947983,0.011488018802323318
"('LTC-USD', 'AVAX-USD')",2024-03-28,2024-05-26,-22.096343204777085,0.7030900168018231
"('LTC-USD', 'MATIC-USD')",2024-03-29,2024-05-27,-0.21868877062851325,0.011211654975848003
"('LTC-USD', 'AVAX-USD')",2024-03-29,2024-05-27,-20.683626203976452,0.6849353172475031
"('LTC-USD', 'MATIC-USD')",2024-03-30,2024-05-28,-0.22492038759724856,0.011289399055101458
"('LTC-USD', 'AVAX-USD')",2024-03-30,2024-05-28,-21.01631300932332,0.6890266365220485
"('LTC-USD', 'MATIC-USD')",2024-03-31,2024-05-29,-0.20754389451979763,0.011078811954744958
"('LTC-USD', 'AVAX-USD')",2024-03-31,2024-05-29,-19.789947955202503,0.6741367367357035
"('LTC-USD', 'MATIC-USD')",2024-04-01,2024-05-30,-0.18557593598583816,0.010808295020876681
"('LTC-USD', 'AVAX-USD')",2024-04-01,2024-05-30,-18.294634073201358,0.6559385461960417
"('LTC-USD', 'MATIC-USD')",2024-04-02,2024-05-31,-0.162871868451157,0.010527302288212676
"('LTC-USD', 'AVAX-USD')",2024-04-02,2024-05-31,-16.541120948938175,0.6345363829980404
"('LTC-USD', 'MATIC-USD')",2024-04-03,2024-06-01,-0.20971174170948956,0.01108522780438914
"('LTC-USD', 'AVAX-USD')",2024-04-03,2024-06-01,-19.844851932157926,0.674010993431343
"('LTC-USD', 'MATIC-USD')",2024-04-04,2024-06-02,-0.20543128956065995,0.011028299033116539
"('MATIC-USD', 'AVAX-USD')",2024-04-04,2024-06-02,-6.230166085931206,59.657144674686116
"('LTC-USD', 'MATIC-USD')",2024-04-05,2024-06-03,-0.19198529536803863,0.01086400631975843
"('LTC-USD', 'AVAX-USD')",2024-04-05,2024-06-03,-20.377969534035575,0.680005426215851
"('MATIC-USD', 'AVAX-USD')",2024-04-05,2024-06-03,-6.875480177775369,60.55442275723232
"('ETH-USD', 'LTC-USD')",2024-04-06,2024-06-04,60.24229817866502,0.007346734450503903
"('ETH-USD', 'AVAX-USD')",2024-04-06,2024-06-04,18.294604012412158,0.005691713392094649
"('LTC-USD', 'MATIC-USD')",2024-04-06,2024-06-04,-0.185246349810616,0.010781634571760457
"('LTC-USD', 'AVAX-USD')",2024-04-06,2024-06-04,-20.932755172878547,0.6866627005530113
"('MATIC-USD', 'AVAX-USD')",2024-04-06,2024-06-04,-7.4893334052256355,61.42211782033861
"('ETH-USD', 'LTC-USD')",2024-04-07,2024-06-05,61.12569173318687,0.00698044117828882
"('ETH-USD', 'MATIC-USD')",2024-04-07,2024-06-05,0.49239353788092083,6.964958704469002e-05
"('LTC-USD', 'MATIC-USD')",2024-04-07,2024-06-05,-0.1949134720972965,0.01089646695135283
"('MATIC-USD', 'AVAX-USD')",2024-04-07,2024-06-05,-7.184731447857748,60.97670651770668
"('BTC-USD', 'MATIC-USD')",2024-04-08,2024-06-06,0.10777979754818807,9.323577009358737e-06
"('BTC-USD', 'AVAX-USD')",2024-04-08,2024-06-06,-10.583637405040585,0.000719795828167237
"('ETH-USD', 'LTC-USD')",2024-04-08,2024-06-06,62.670952538213015,0.006417178157338567
"('ETH-USD', 'MATIC-USD')",2024-04-08,2024-06-06,0.5080488714181828,6.387566646852504e-05
"('ETH-USD', 'AVAX-USD')",2024-04-08,2024-06-06,20.665833609160188,0.0048264894348702654
"('LTC-USD', 'MATIC-USD')",2024-04-08,2024-06-06,-0.19057071098097939,0.010844594003564986
"('BTC-USD', 'LTC-USD')",2024-04-09,2024-06-07,34.78026501000126,0.0007436091231329498
"('BTC-USD', 'MATIC-USD')",2024-04-09,2024-06-07,0.24075896947900208,7.232238355440857e-06
"('ETH-USD', 'LTC-USD')",2024-04-09,2024-06-07,66.43605432132341,0.005167053835037448
"('ETH-USD', 'MATIC-USD')",2024-04-09,2024-06-07,0.5533180038828586,4.884461108278211e-05
"('ETH-USD', 'AVAX-USD')",2024-04-09,2024-06-07,23.315623638022284,0.003946544565938819
"('LTC-USD', 'MATIC-USD')",2024-04-09,2024-06-07,-0.1661899491645381,0.01054749617606108
"('BTC-USD', 'LTC-USD')",2024-04-10,2024-06-08,40.87535463518181,0.000646280346110845
"('BTC-USD', 'MATIC-USD')",2024-04-10,2024-06-08,0.3268492517292552,5.857550717765079e-06
"('BTC-USD', 'AVAX-USD')",2024-04-10,2024-06-08,1.7786193856915966,0.0005240980081756813
"('ETH-USD', 'LTC-USD')",2024-04-10,2024-06-08,68.1918836361188,0.004546298034559628
"('ETH-USD', 'MATIC-USD')",2024-04-10,2024-06-08,0.5783593167900694,4.0023436245449296e-05
"('ETH-USD', 'AVAX-USD')",2024-04-10,2024-06-08,24.829843882683168,0.0034162470044525294
"('LTC-USD', 'MATIC-USD')",2024-04-10,2024-06-08,-0.12294406409930668,0.010015721187667739
"('BTC-USD', 'LTC-USD')",2024-04-11,2024-06-09,48.074510044823306,0.0005326244394154812
"('BTC-USD', 'MATIC-USD')",2024-04-11,2024-06-09,0.43142933159829777,4.206423084556386e-06
"('BTC-USD', 'AVAX-USD')",2024-04-11,2024-06-09,8.126076541492925,0.0004238597850955776
"('ETH-USD', 'LTC-USD')",2024-04-11,2024-06-09,69.99795368060492,0.00391838322861668
"('ETH-USD', 'MATIC-USD')",2024-04-11,2024-06-09,0.6044165424619728,3.099191987445498e-05
"('ETH-USD', 'AVAX-USD')",2024-04-11,2024-06-09,26.460267080156832,0.0028513210241553847
"('LTC-USD', 'MATIC-USD')",2024-04-11,2024-06-09,-0.0546501685412805,0.00917913191026226
"('BTC-USD', 'LTC-USD')",2024-04-12,2024-06-10,56.129693887311085,0.00040509103985847535
"('BTC-USD', 'MATIC-USD')",2024-04-12,2024-06-10,0.5279437604611689,2.6780961278608297e-06
"('ETH-USD', 'LTC-USD')",2024-04-12,2024-06-10,71.65610976180436,0.003321434192580105
"('ETH-USD', 'MATIC-USD')",2024-04-12,2024-06-10,0.6249470485296026,2.3653899100257264e-05
"('LTC-USD', 'MATIC-USD')",2024-04-12,2024-06-10,0.0261102132074767,0.008191963502463468
"('MATIC-USD', 'AVAX-USD')",2024-04-12,2024-06-10,-8.974403615175506,63.505657444135466
"('LTC-USD', 'MATIC-USD')",2024-04-13,2024-06-11,0.0038700704992567924,0.008446102274012879
"('LTC-USD', 'AVAX-USD')",2024-04-13,2024-06-11,-17.58898563296072,0.6440158685530061
"('LTC-USD', 'MATIC-USD')",2024-04-14,2024-06-12,-0.01262353633400256,0.008642155271728522
"('LTC-USD', 'AVAX-USD')",2024-04-14,2024-06-12,-19.20969206637234,0.6633682326615279
"('LTC-USD', 'MATIC-USD')",2024-04-15,2024-06-13,-0.08572159948682977,0.009507141199585428
"('LTC-USD', 'AVAX-USD')",2024-04-15,2024-06-13,-23.158417831884286,0.7100201229073916
"('LTC-USD', 'MATIC-USD')",2024-04-16,2024-06-14,-0.2049816373128513,0.010929274189077106
"('LTC-USD', 'AVAX-USD')",2024-04-16,2024-06-14,-27.865606621235653,0.7661335261715428
"('LTC-USD', 'MATIC-USD')",2024-04-17,2024-06-15,-0.2578514674476707,0.011554025239378209
"('LTC-USD', 'AVAX-USD')",2024-04-17,2024-06-15,-30.798458868042655,0.8008127177247315
"('LTC-USD', 'MATIC-USD')",2024-04-18,2024-06-16,-0.28515587765042827,0.011877951953592711
"('LTC-USD', 'AVAX-USD')",2024-04-18,2024-06-16,-32.73262992610701,0.8237470383733839
"('LTC-USD', 'MATIC-USD')",2024-04-19,2024-06-17,-0.33339959318144385,0.01245446194092403
"('LTC-USD', 'AVAX-USD')",2024-04-19,2024-06-17,-35.31320670380722,0.8544524828840397
"('LTC-USD', 'MATIC-USD')",2024-04-20,2024-06-18,-0.3550844681127608,0.012715232436941077
"('LTC-USD', 'AVAX-USD')",2024-04-20,2024-06-18,-35.71460771300094,0.8591230216829628
"('LTC-USD', 'MATIC-USD')",2024-04-21,2024-06-19,-0.3576530178798008,0.012743028307946458
"('LTC-USD', 'AVAX-USD')",2024-04-21,2024-06-19,-36.214132633924265,0.8648758844468842
"('LTC-USD', 'MATIC-USD')",2024-04-22,2024-06-20,-0.37838251257022415,0.01299197385610547
"('LTC-USD', 'AVAX-USD')",2024-04-22,2024-06-20,-36.897229419219535,0.8729264873431021
"('LTC-USD', 'MATIC-USD')",2024-04-23,2024-06-21,-0.3888802719966915,0.013114831639891902
"('LTC-USD', 'AVAX-USD')",2024-04-23,2024-06-21,-36.571819112085784,0.8685671321866677
"('LTC-USD', 'MATIC-USD')",2024-04-24,2024-06-22,-0.4031558587289121,0.013285906815734763
"('LTC-USD', 'AVAX-USD')",2024-04-24,2024-06-22,-38.32799522776197,0.8893743393034547
"('LTC-USD', 'MATIC-USD')",2024-04-25,2024-06-23,-0.411714270374694,0.013388246631754754
"('LTC-USD', 'AVAX-USD')",2024-04-25,2024-06-23,-39.83528070187009,0.9073475053915108
"('LTC-USD', 'MATIC-USD')",2024-04-26,2024-06-24,-0.36765361077561615,0.012851683288992083
"('LTC-USD', 'AVAX-USD')",2024-04-26,2024-06-24,-38.460378967955975,0.8908361358109662
"('LTC-USD', 'AVAX-USD')",2024-04-27,2024-06-25,-41.45826119549761,0.9290772530501173
"('LTC-USD', 'AVAX-USD')",2024-04-28,2024-06-26,-40.897110558117085,0.9228217095520621
"('LTC-USD', 'AVAX-USD')",2024-04-29,2024-06-27,-40.77964471213366,0.9221803537166626
"('MATIC-USD', 'AVAX-USD')",2024-04-29,2024-06-27,-10.818141484413543,66.31128450523508
"('LTC-USD', 'AVAX-USD')",2024-04-30,2024-06-28,-40.08761753324826,0.9140748532260983
"('MATIC-USD', 'AVAX-USD')",2024-04-30,2024-06-28,-10.119407381655167,65.32830221074747
"('LTC-USD', 'AVAX-USD')",2024-05-01,2024-06-29,-40.35716159750209,0.9172661059639085
"('MATIC-USD', 'AVAX-USD')",2024-05-01,2024-06-29,-9.38823778766109,64.29827226652918
"('LTC-USD', 'MATIC-USD')",2024-05-02,2024-06-30,-0.4203001951176625,0.013487745510905055
"('LTC-USD', 'AVAX-USD')",2024-05-02,2024-06-30,-40.128444933794796,0.914515922559193
"('MATIC-USD', 'AVAX-USD')",2024-05-02,2024-06-30,-8.712387142559862,63.3907617691198
"('LTC-USD', 'MATIC-USD')",2024-05-03,2024-07-01,-0.4309289070576154,0.013602832976298824
"('LTC-USD', 'AVAX-USD')",2024-05-03,2024-07-01,-39.75624083491546,0.9099713386778384
"('LTC-USD', 'MATIC-USD')",2024-05-04,2024-07-02,-0.43422208181508215,0.013627395551609725
"('LTC-USD', 'AVAX-USD')",2024-05-04,2024-07-02,-39.85150948120636,0.9108659595263169
"('MATIC-USD', 'AVAX-USD')",2024-05-04,2024-07-02,-8.739183770287315,63.65657341571391
"('LTC-USD', 'MATIC-USD')",2024-05-05,2024-07-03,-0.43792141069413426,0.013659600652900753
"('LTC-USD', 'AVAX-USD')",2024-05-05,2024-07-03,-39.23272058133286,0.9026735879942184
"('MATIC-USD', 'AVAX-USD')",2024-05-05,2024-07-03,-8.332862361700707,63.079331132340904
"('LTC-USD', 'MATIC-USD')",2024-05-06,2024-07-04,-0.4015988870908894,0.013198931158470144
"('LTC-USD', 'AVAX-USD')",2024-05-06,2024-07-04,-35.31847696686469,0.8538027872142422
"('MATIC-USD', 'AVAX-USD')",2024-05-06,2024-07-04,-7.857460114486807,62.40134528672708
"('LTC-USD', 'MATIC-USD')",2024-05-07,2024-07-05,-0.3582264412147858,0.012653058304527608
"('LTC-USD', 'MATIC-USD')",2024-05-08,2024-07-06,-0.33598209603952606,0.0123731249405602
"('BTC-USD', 'ETH-USD')",2024-05-10,2024-07-08,-335.57493307057166,0.05814866184695505
"('BTC-USD', 'ETH-USD')",2024-05-11,2024-07-09,-236.7790278670555,0.05671312036956166
"('BTC-USD', 'ETH-USD')",2024-05-12,2024-07-10,-121.12291865289825,0.055029646228166675
"('BTC-USD', 'ETH-USD')",2024-05-13,2024-07-11,-13.720705550323562,0.0534799794763742
"('BTC-USD', 'ETH-USD')",2024-05-14,2024-07-12,61.273592327021476,0.05244137855224084
"('ETH-USD', 'LTC-USD')",2024-05-16,2024-07-14,10.638318093616622,0.01912200868047051
"('ETH-USD', 'MATIC-USD')",2024-05-16,2024-07-14,-0.15922176976203015,0.000223974919402477
"('ETH-USD', 'LTC-USD')",2024-05-17,2024-07-15,3.564464296687664,0.021054335573081284
"('ETH-USD', 'MATIC-USD')",2024-05-17,2024-07-15,-0.2478577328129614,0.00024813434821456336
"('ETH-USD', 'AVAX-USD')",2024-05-17,2024-07-15,-13.658455682556239,0.012858069320758754
"('ETH-USD', 'LTC-USD')",2024-05-18,2024-07-16,-1.997404050945632,0.022560167722033307
"('ETH-USD', 'MATIC-USD')",2024-05-18,2024-07-16,-0.3190709282004247,0.00026730808464302383
"('ETH-USD', 'AVAX-USD')",2024-05-18,2024-07-16,-17.39745596077927,0.013867718008771276
"('ETH-USD', 'LTC-USD')",2024-05-19,2024-07-17,-7.545766782871525,0.024059738450065433
"('ETH-USD', 'MATIC-USD')",2024-05-19,2024-07-17,-0.38977510399435683,0.0002863915911544648
"('BTC-USD', 'ETH-USD')",2024-05-20,2024-07-18,-38.96943965115499,0.054716433130787744
"('ETH-USD', 'LTC-USD')",2024-05-20,2024-07-18,-14.255508760514076,0.02588520615663084
"('ETH-USD', 'LTC-USD')",2024-05-21,2024-07-19,-13.207918778608713,0.025533094747648914
"('ETH-USD', 'LTC-USD')",2024-05-25,2024-07-23,-9.8075990647186,0.024430922554481708
"('ETH-USD', 'AVAX-USD')",2024-06-11,2024-08-09,0.6232552519231741,0.008056142442353123
"('LTC-USD', 'AVAX-USD')",2024-06-11,2024-08-09,-4.355124970070456,0.44259995648715883
"('ETH-USD', 'MATIC-USD')",2024-06-12,2024-08-10,-0.013505316564745061,0.00016567823061246266
"('ETH-USD', 'AVAX-USD')",2024-06-12,2024-08-10,0.9561308321046144,0.007938898728150815
"('LTC-USD', 'MATIC-USD')",2024-06-12,2024-08-10,-0.13294512037141676,0.00934523909313205
"('ETH-USD', 'LTC-USD')",2024-06-13,2024-08-11,16.046268188268584,0.016709739713839846
"('ETH-USD', 'AVAX-USD')",2024-06-13,2024-08-11,1.3206397659471472,0.007800565209819277
"('ETH-USD', 'LTC-USD')",2024-06-14,2024-08-12,16.61736191319824,0.01650451880009028
"('ETH-USD', 'AVAX-USD')",2024-06-14,2024-08-12,1.2867548961771405,0.007790950671683268
"('ETH-USD', 'LTC-USD')",2024-06-15,2024-08-13,17.61508304978514,0.016185364615647898
"('ETH-USD', 'MATIC-USD')",2024-06-15,2024-08-13,-0.0018558001964359516,0.00016114833254231002
"('ETH-USD', 'AVAX-USD')",2024-06-15,2024-08-13,1.2764986574252442,0.007779362747096996
"('ETH-USD', 'LTC-USD')",2024-06-16,2024-08-14,19.14889445689779,0.01569998597165163
"('ETH-USD', 'MATIC-USD')",2024-06-16,2024-08-14,0.004779925053458938,0.00015881123675661084
"('ETH-USD', 'AVAX-USD')",2024-06-18,2024-08-16,0.7093809619658165,0.0079348964972054
"('ETH-USD', 'AVAX-USD')",2024-06-21,2024-08-19,-0.4855982474777207,0.008336243188450814
"('ETH-USD', 'AVAX-USD')",2024-06-22,2024-08-20,-0.37150794288730754,0.008314588375369516
"('ETH-USD', 'AVAX-USD')",2024-06-23,2024-08-21,-0.45734604462246414,0.008370142981114138
"('LTC-USD', 'MATIC-USD')",2024-06-23,2024-08-21,-0.1411438594912706,0.009325913186213017
"('ETH-USD', 'AVAX-USD')",2024-06-24,2024-08-22,-0.12671150710937334,0.008299509010317542
"('MATIC-USD', 'AVAX-USD')",2024-06-25,2024-08-23,-0.7840694858194113,52.975506911195914
"('LTC-USD', 'MATIC-USD')",2024-06-27,2024-08-25,-0.08701362059039482,0.008561808085510948
"('LTC-USD', 'MATIC-USD')",2024-06-28,2024-08-26,-0.06977341095441278,0.008311541238869777
"('LTC-USD', 'MATIC-USD')",2024-06-29,2024-08-27,-0.05494201838152159,0.008094987392122603
"('LTC-USD', 'MATIC-USD')",2024-06-30,2024-08-28,-0.05873332032635391,0.008150619595656033
"('LTC-USD', 'MATIC-USD')",2024-07-01,2024-08-29,-0.062427011285422745,0.008198277046638761
"('LTC-USD', 'MATIC-USD')",2024-07-02,2024-08-30,-0.06338646818772813,0.00819768180348196
"('ETH-USD', 'MATIC-USD')",2024-07-03,2024-08-31,0.14668095125844136,0.00011348099320684632
"('LTC-USD', 'MATIC-USD')",2024-07-03,2024-08-31,-0.06207345508964459,0.008162370028428605
"('ETH-USD', 'MATIC-USD')",2024-07-04,2024-09-01,0.14380041201719196,0.00011429374802513214
"('LTC-USD', 'MATIC-USD')",2024-07-04,2024-09-01,-0.06986791816334062,0.00826519740779749
"('ETH-USD', 'MATIC-USD')",2024-07-05,2024-09-02,0.1401832543746887,0.00011539102487561186
"('LTC-USD', 'MATIC-USD')",2024-07-05,2024-09-02,-0.07583871063799552,0.008334146340518907
"('ETH-USD', 'MATIC-USD')",2024-07-06,2024-09-03,0.13579088179301652,0.00011687186334021444
"('LTC-USD', 'MATIC-USD')",2024-07-06,2024-09-03,-0.09091498769301906,0.008538483286652312
"('LTC-USD', 'MATIC-USD')",2024-07-07,2024-09-04,-0.09944410333392488,0.008635419669248587
"('LTC-USD', 'AVAX-USD')",2024-07-07,2024-09-04,-11.934323494375205,0.5505247875159794
"('LTC-USD', 'AVAX-USD')",2024-07-08,2024-09-05,-12.949282098588554,0.564160496161264
"('ETH-USD', 'MATIC-USD')",2024-07-09,2024-09-06,0.11549302022001273,0.0001231231306075637
"('LTC-USD', 'MATIC-USD')",2024-07-09,2024-09-06,-0.13369916259234418,0.009085276791583273
"('LTC-USD', 'AVAX-USD')",2024-07-09,2024-09-06,-13.404749941715382,0.5702620834828791
"('ETH-USD', 'MATIC-USD')",2024-07-10,2024-09-07,0.11061823414552971,0.00012462662323135717
"('LTC-USD', 'MATIC-USD')",2024-07-10,2024-09-07,-0.15187373309524205,0.009333558868063568
"('LTC-USD', 'AVAX-USD')",2024-07-10,2024-09-07,-13.642516444184448,0.5731471534556866
"('ETH-USD', 'MATIC-USD')",2024-07-11,2024-09-08,0.10765874324183954,0.0001254491728054511
"('LTC-USD', 'MATIC-USD')",2024-07-11,2024-09-08,-0.1633415873245556,0.009486331907281634
"('LTC-USD', 'AVAX-USD')",2024-07-11,2024-09-08,-13.031651058369238,0.5641545323746964
"('ETH-USD', 'MATIC-USD')",2024-07-12,2024-09-09,0.10442588422336578,0.00012645649001467263
"('LTC-USD', 'MATIC-USD')",2024-07-12,2024-09-09,-0.1719092845323862,0.009601121171295458
"('LTC-USD', 'AVAX-USD')",2024-07-12,2024-09-09,-12.430366750278102,0.5555745225974622
"('BTC-USD', 'MATIC-USD')",2024-07-13,2024-09-10,-0.3351255580774249,1.301707392188843e-05
"('LTC-USD', 'MATIC-USD')",2024-07-13,2024-09-10,-0.1794360705202835,0.009701785082776457
"('LTC-USD', 'AVAX-USD')",2024-07-13,2024-09-10,-11.799721928126306,0.5466974672848842
"('BTC-USD', 'MATIC-USD')",2024-07-14,2024-09-11,-0.3569931879784307,1.3339248653575065e-05
"('ETH-USD', 'MATIC-USD')",2024-07-14,2024-09-11,0.0998607978384169,0.00012759415487930998
"('LTC-USD', 'MATIC-USD')",2024-07-14,2024-09-11,-0.1830513489206621,0.009736253952635561
"('LTC-USD', 'AVAX-USD')",2024-07-14,2024-09-11,-11.668359641029605,0.5451118046443701
"('LTC-USD', 'AVAX-USD')",2024-07-15,2024-09-12,-11.446610491264321,0.5421306419654651
"('BTC-USD', 'LTC-USD')",2024-07-18,2024-09-15,10.08000381894067,0.0009089508856732299
"('BTC-USD', 'LTC-USD')",2024-07-19,2024-09-16,10.658193325739916,0.0008983989757042992
"('LTC-USD', 'AVAX-USD')",2024-07-19,2024-09-16,-11.31306304436274,0.5412608518768943
"('BTC-USD', 'LTC-USD')",2024-07-20,2024-09-17,11.735056534256671,0.0008795521140422215
"('LTC-USD', 'AVAX-USD')",2024-07-20,2024-09-17,-11.387957112638665,0.542623845007093
"('BTC-USD', 'LTC-USD')",2024-07-21,2024-09-18,12.822633813422982,0.0008606373178604612
"('LTC-USD', 'AVAX-USD')",2024-07-21,2024-09-18,-10.903475573751722,0.5351673308598444
"('BTC-USD', 'LTC-USD')",2024-07-22,2024-09-19,14.484300476060037,0.0008320365996100446
"('BTC-USD', 'LTC-USD')",2024-07-23,2024-09-20,15.17461916888204,0.0008199500666598211
"('BTC-USD', 'LTC-USD')",2024-07-24,2024-09-21,16.83680174488914,0.0007913264272164849
"('BTC-USD', 'LTC-USD')",2024-07-25,2024-09-22,17.551504737011115,0.0007791224718918
"('BTC-USD', 'LTC-USD')",2024-07-27,2024-09-24,18.461800961707063,0.0007635287957099624
"('BTC-USD', 'LTC-USD')",2024-07-28,2024-09-25,19.307718061321236,0.0007491278798717158
"('LTC-USD', 'AVAX-USD')",2024-07-28,2024-09-25,-3.6286452265556512,0.4232452157831247
"('BTC-USD', 'LTC-USD')",2024-07-29,2024-09-26,19.68636562174037,0.0007427413189449069
"('BTC-USD', 'LTC-USD')",2024-07-30,2024-09-27,21.239391817965256,0.0007163897664415902
"('BTC-USD', 'ETH-USD')",2024-08-02,2024-09-30,548.4290508430473,0.03325223742613333
"('BTC-USD', 'ETH-USD')",2024-08-03,2024-10-01,609.692422593472,0.03208809703926825
"('BTC-USD', 'LTC-USD')",2024-08-04,2024-10-02,23.820979975827584,0.0006714141649679424
"('BTC-USD', 'LTC-USD')",2024-08-05,2024-10-03,23.991308825841017,0.0006683806031535277
"('BTC-USD', 'LTC-USD')",2024-08-06,2024-10-04,26.98444352976738,0.0006195973704288264
"('ETH-USD', 'LTC-USD')",2024-08-06,2024-10-04,41.9601074255322,0.008857335389377325
"('BTC-USD', 'LTC-USD')",2024-08-07,2024-10-05,28.662242493256993,0.000592957845363121
"('BTC-USD', 'LTC-USD')",2024-08-08,2024-10-06,32.07449693571686,0.0005382910077654935
"('ETH-USD', 'LTC-USD')",2024-08-09,2024-10-07,45.69755620670431,0.007534859338448101
"('ETH-USD', 'LTC-USD')",2024-08-10,2024-10-08,45.21575538607676,0.007766854278968982
"('ETH-USD', 'LTC-USD')",2024-08-11,2024-10-09,44.667067425985074,0.008020166659010213
"('ETH-USD', 'LTC-USD')",2024-08-12,2024-10-10,44.36528416605359,0.00817962255698871
"('BTC-USD', 'LTC-USD')",2024-08-13,2024-10-11,32.89169641388649,0.0005295126783176054
"('ETH-USD', 'LTC-USD')",2024-08-13,2024-10-11,42.09115152629536,0.00913038919352619
"('BTC-USD', 'LTC-USD')",2024-08-14,2024-10-12,32.95802250044989,0.0005288114802502569
"('ETH-USD', 'LTC-USD')",2024-08-14,2024-10-12,40.66509540666058,0.009733250954963465
"('BTC-USD', 'LTC-USD')",2024-08-15,2024-10-13,33.32625452336603,0.0005223466041660699
"('ETH-USD', 'LTC-USD')",2024-08-15,2024-10-13,39.70110473349877,0.010136943583504109
"('BTC-USD', 'LTC-USD')",2024-08-16,2024-10-14,33.185984486282315,0.0005238576528433806
"('BTC-USD', 'AVAX-USD')",2024-08-16,2024-10-14,-22.433409732874896,0.0007816651851626667
"('BTC-USD', 'LTC-USD')",2024-08-17,2024-10-15,30.834379178048646,0.0005624578870235394
"('BTC-USD', 'AVAX-USD')",2024-08-17,2024-10-15,-20.444331890693952,0.0007494149788475717
"('LTC-USD', 'AVAX-USD')",2024-08-17,2024-10-15,-15.299093523247047,0.6223775522794776
"('BTC-USD', 'LTC-USD')",2024-08-18,2024-10-16,29.418587534480416,0.0005850697072664735
"('LTC-USD', 'AVAX-USD')",2024-08-18,2024-10-16,-17.81671636006795,0.6625104723320431
"('BTC-USD', 'AVAX-USD')",2024-08-19,2024-10-17,-16.00164182239829,0.0006771304963083038
"('LTC-USD', 'MATIC-USD')",2024-08-19,2024-10-17,0.4154686226458812,-0.00012592906666378652
"('LTC-USD', 'MATIC-USD')",2024-08-20,2024-10-18,0.46010511372422075,-0.0008242272205942547
"('LTC-USD', 'MATIC-USD')",2024-08-21,2024-10-19,0.48200655695449923,-0.0011792046785724204
"('LTC-USD', 'MATIC-USD')",2024-08-23,2024-10-21,0.4548350941144303,-0.0008376383572957068
"('LTC-USD', 'MATIC-USD')",2024-08-24,2024-10-22,0.46884584463229134,-0.001093081336348069
"('LTC-USD', 'MATIC-USD')",2024-08-25,2024-10-23,0.49191934149557004,-0.0014969816580675777
"('BTC-USD', 'LTC-USD')",2024-08-26,2024-10-24,17.60716534118184,0.0007822362818341805
"('ETH-USD', 'MATIC-USD')",2024-08-26,2024-10-24,0.18203092906918528,8.362926697848432e-05
"('BTC-USD', 'LTC-USD')",2024-08-27,2024-10-25,17.779747396545993,0.0007801321610761237
"('BTC-USD', 'LTC-USD')",2024-08-28,2024-10-26,19.048362086967813,0.0007602664775314226
"('ETH-USD', 'LTC-USD')",2024-08-28,2024-10-26,13.89261226053131,0.021055325693394973
"('BTC-USD', 'LTC-USD')",2024-08-29,2024-10-27,19.405662029122382,0.0007552000798612212
"('BTC-USD', 'LTC-USD')",2024-08-31,2024-10-29,20.375943012735423,0.0007394566571568408
"('BTC-USD', 'LTC-USD')",2024-09-01,2024-10-30,21.147366092585138,0.0007263678252366168
"('BTC-USD', 'LTC-USD')",2024-09-03,2024-11-01,22.093843276059925,0.0007097461431950707
"('BTC-USD', 'LTC-USD')",2024-09-04,2024-11-02,22.192131043105174,0.0007072234223493389
"('BTC-USD', 'LTC-USD')",2024-09-05,2024-11-03,22.473576984682897,0.0007011963077662314
"('BTC-USD', 'ETH-USD')",2024-09-15,2024-11-13,550.6020474371437,0.030378434844362513
"('BTC-USD', 'ETH-USD')",2024-09-16,2024-11-14,614.2665960225726,0.029411102207407412
"('BTC-USD', 'LTC-USD')",2024-09-16,2024-11-14,34.38481168491949,0.0005115063031528846
"('BTC-USD', 'ETH-USD')",2024-09-17,2024-11-15,700.82381959515,0.02810567698492175
"('BTC-USD', 'LTC-USD')",2024-09-17,2024-11-15,33.562748666299925,0.0005245842693050133
"('BTC-USD', 'ETH-USD')",2024-09-18,2024-11-16,750.5505404540954,0.027369141745349712
"('BTC-USD', 'LTC-USD')",2024-09-18,2024-11-16,28.648803811412105,0.000599768637968711
"('BTC-USD', 'ETH-USD')",2024-09-19,2024-11-17,801.8431896115346,0.0266132897489678
"('BTC-USD', 'LTC-USD')",2024-09-19,2024-11-17,27.357684375190836,0.0006196912002889067
"('BTC-USD', 'ETH-USD')",2024-09-20,2024-11-18,804.3213882207694,0.026579805801533733
"('ETH-USD', 'LTC-USD')",2024-09-20,2024-11-18,16.856494972617078,0.020252637717205722
"('BTC-USD', 'ETH-USD')",2024-09-21,2024-11-19,837.371460086811,0.026056128688250118
"('BTC-USD', 'LTC-USD')",2024-09-21,2024-11-19,25.49294379547712,0.0006486302900135683
"('BTC-USD', 'ETH-USD')",2024-09-22,2024-11-20,885.3290751227405,0.02529608341901572
"('ETH-USD', 'LTC-USD')",2024-09-22,2024-11-20,14.62738815455351,0.021195288345050613
"('BTC-USD', 'ETH-USD')",2024-09-23,2024-11-21,880.9478732893979,0.02533330250105255
"('ETH-USD', 'LTC-USD')",2024-09-23,2024-11-21,13.382947293021997,0.021685712645302453
"('BTC-USD', 'ETH-USD')",2024-09-24,2024-11-22,878.7237676127619,0.025313129608097815
"('BTC-USD', 'ETH-USD')",2024-09-25,2024-11-23,855.3257516182725,0.025611584317368343
"('BTC-USD', 'ETH-USD')",2024-09-26,2024-11-24,844.4790435088886,0.025735176648500824
"('BTC-USD', 'ETH-USD')",2024-09-27,2024-11-25,808.3876050561462,0.026240093086207644
"('BTC-USD', 'ETH-USD')",2024-09-28,2024-11-26,780.5237959696886,0.026603907036554436
"('BTC-USD', 'ETH-USD')",2024-09-29,2024-11-27,717.1864822131009,0.02749436737692865
"('BTC-USD', 'ETH-USD')",2024-09-30,2024-11-28,670.9278183002235,0.028132376653924925
"('BTC-USD', 'ETH-USD')",2024-10-01,2024-11-29,627.182267078754,0.028717997105263477
"('BTC-USD', 'ETH-USD')",2024-10-02,2024-11-30,575.2354531997487,0.029451364312174193
"('MATIC-USD', 'AVAX-USD')",2024-10-04,2024-12-02,0.44414493483437273,76.27174190178938
"('MATIC-USD', 'AVAX-USD')",2024-10-09,2024-12-07,2.490444589090779,71.67940395910779
"('MATIC-USD', 'AVAX-USD')",2024-10-10,2024-12-08,2.5429334863104436,71.72100424230794
"('ETH-USD', 'AVAX-USD')",2024-10-11,2024-12-09,-19.295366005679192,0.01767222707162446
"('ETH-USD', 'AVAX-USD')",2024-10-12,2024-12-10,-19.800689864718457,0.017816561618504367
"('ETH-USD', 'AVAX-USD')",2024-10-13,2024-12-11,-20.389529638755597,0.01798418524167668
"('ETH-USD', 'AVAX-USD')",2024-10-14,2024-12-12,-21.679560264737813,0.01839263491229621
"('MATIC-USD', 'AVAX-USD')",2024-10-14,2024-12-12,2.403805313172417,72.52490704498089
"('ETH-USD', 'AVAX-USD')",2024-10-15,2024-12-13,-22.304912673990692,0.01859347022066611
"('LTC-USD', 'AVAX-USD')",2024-10-15,2024-12-13,-2.351524244034214,0.42571570975136824
"('MATIC-USD', 'AVAX-USD')",2024-10-15,2024-12-13,2.1400248319629505,73.32226862818908
"('ETH-USD', 'AVAX-USD')",2024-10-16,2024-12-14,-22.583039139038938,0.018672347110206714
"('LTC-USD', 'AVAX-USD')",2024-10-16,2024-12-14,-2.50604668973048,0.4277080716081254
"('MATIC-USD', 'AVAX-USD')",2024-10-16,2024-12-14,2.045166218881658,73.70326379690702
"('ETH-USD', 'AVAX-USD')",2024-10-17,2024-12-15,-22.75352180487884,0.01871401316587336
"('LTC-USD', 'AVAX-USD')",2024-10-17,2024-12-15,-2.6582133799270036,0.42954018689992995
"('MATIC-USD', 'AVAX-USD')",2024-10-17,2024-12-15,1.9647214081067095,74.05122088212094
"('ETH-USD', 'AVAX-USD')",2024-10-18,2024-12-16,-22.519305306523712,0.01861873303127862
"('LTC-USD', 'AVAX-USD')",2024-10-18,2024-12-16,-2.6170886593121514,0.4294964296713738
"('MATIC-USD', 'AVAX-USD')",2024-10-18,2024-12-16,1.9522965617101997,74.2503588132092
"('ETH-USD', 'AVAX-USD')",2024-10-19,2024-12-17,-22.46906717234019,0.018585142171165102
"('LTC-USD', 'AVAX-USD')",2024-10-19,2024-12-17,-2.3227544878039055,0.4258784005809983
"('ETH-USD', 'AVAX-USD')",2024-10-20,2024-12-18,-22.522109914739563,0.018584354990977905
"('LTC-USD', 'AVAX-USD')",2024-10-20,2024-12-18,-2.1879292714571656,0.42449497272016984
"('ETH-USD', 'AVAX-USD')",2024-10-21,2024-12-19,-22.527451982789838,0.018573093671962207
"('LTC-USD', 'AVAX-USD')",2024-10-21,2024-12-19,-2.1543757207807768,0.423994706961205
"('ETH-USD', 'AVAX-USD')",2024-10-22,2024-12-20,-22.567579608811126,0.018570473910659628
"('LTC-USD', 'AVAX-USD')",2024-10-22,2024-12-20,-2.1413215638823697,0.42369253507928667
"('MATIC-USD', 'AVAX-USD')",2024-10-22,2024-12-20,2.2807944334792234,74.08195423867288
"('ETH-USD', 'AVAX-USD')",2024-10-23,2024-12-21,-22.794814536896734,0.018622222775079023
"('LTC-USD', 'AVAX-USD')",2024-10-23,2024-12-21,-2.1354583646791157,0.4230027019019134
"('MATIC-USD', 'AVAX-USD')",2024-10-23,2024-12-21,2.410912561814743,73.8799552744925
"('ETH-USD', 'AVAX-USD')",2024-10-24,2024-12-22,-23.31998658495953,0.01876006806959441
"('LTC-USD', 'AVAX-USD')",2024-10-24,2024-12-22,-2.058162635323971,0.42173649697967136
"('MATIC-USD', 'AVAX-USD')",2024-10-24,2024-12-22,2.5446475055149853,73.6407994369456
"('ETH-USD', 'AVAX-USD')",2024-10-25,2024-12-23,-23.785149750876634,0.018879636638806895
"('LTC-USD', 'AVAX-USD')",2024-10-25,2024-12-23,-1.8786694079283206,0.4193803311172838
"('MATIC-USD', 'AVAX-USD')",2024-10-25,2024-12-23,2.6958298385043116,73.38293033729855
"('ETH-USD', 'AVAX-USD')",2024-10-26,2024-12-24,-24.36198976709877,0.019036000636704395
"('LTC-USD', 'AVAX-USD')",2024-10-26,2024-12-24,-1.6001726653926234,0.41643410384377716
"('MATIC-USD', 'AVAX-USD')",2024-10-26,2024-12-24,2.8380484345639676,73.13179891945158
"('ETH-USD', 'AVAX-USD')",2024-10-27,2024-12-25,-24.8946622222398,0.019174179483994927
"('LTC-USD', 'AVAX-USD')",2024-10-27,2024-12-25,-1.3234092596704061,0.41318890882123904
"('MATIC-USD', 'AVAX-USD')",2024-10-27,2024-12-25,2.9897586468567754,72.86706152829035
"('ETH-USD', 'AVAX-USD')",2024-10-28,2024-12-26,-25.53850251949032,0.01934591993558352
"('LTC-USD', 'AVAX-USD')",2024-10-28,2024-12-26,-1.0656889495771602,0.4103270490938083
"('MATIC-USD', 'AVAX-USD')",2024-10-28,2024-12-26,3.120365147499285,72.63518835023397
"('ETH-USD', 'AVAX-USD')",2024-10-29,2024-12-27,-26.103800944735056,0.019492188001893642
"('MATIC-USD', 'AVAX-USD')",2024-10-29,2024-12-27,3.140802578263488,72.56550849729345
"('ETH-USD', 'AVAX-USD')",2024-10-30,2024-12-28,-26.469613838341964,0.019581239829455456
"('MATIC-USD', 'AVAX-USD')",2024-10-30,2024-12-28,3.184734552524777,72.46727104154292
"('ETH-USD', 'AVAX-USD')",2024-10-31,2024-12-29,-26.69727746418254,0.019629374201735127
"('MATIC-USD', 'AVAX-USD')",2024-10-31,2024-12-29,3.273450048245424,72.29102168584836
"('BTC-USD', 'ETH-USD')",2024-11-01,2024-12-30,-152.4248368227188,0.0382485465648293
"('ETH-USD', 'AVAX-USD')",2024-11-01,2024-12-30,-27.50076827732586,0.01983912140929915
"('MATIC-USD', 'AVAX-USD')",2024-11-01,2024-12-30,3.435084282828597,71.99628206170937
"('ETH-USD', 'AVAX-USD')",2024-11-02,2024-12-31,-28.454294513129774,0.020093303412332626
"('MATIC-USD', 'AVAX-USD')",2024-11-02,2024-12-31,3.6421237040057033,71.6314542512451
"('ETH-USD', 'AVAX-USD')",2024-11-03,2025-01-01,-29.467134152816133,0.020371884186823577
"('MATIC-USD', 'AVAX-USD')",2024-11-03,2025-01-01,3.9541507549967254,71.08777415342799
"('ETH-USD', 'AVAX-USD')",2024-11-04,2025-01-02,-30.834032502991274,0.020748203816277677
"('MATIC-USD', 'AVAX-USD')",2024-11-04,2025-01-02,4.301995164768832,70.49699064753268
"('ETH-USD', 'AVAX-USD')",2024-11-05,2025-01-03,-32.883998675649174,0.02131401770891258
"('MATIC-USD', 'AVAX-USD')",2024-11-05,2025-01-03,4.740168928250929,69.74932355687206
"('ETH-USD', 'AVAX-USD')",2024-11-06,2025-01-04,-36.20952039590342,0.022235633802919506
"('MATIC-USD', 'AVAX-USD')",2024-11-06,2025-01-04,5.154742127637542,69.05836064396519
"('BTC-USD', 'AVAX-USD')",2024-11-07,2025-01-05,-40.38678087163283,0.0008578228823775705
"('ETH-USD', 'AVAX-USD')",2024-11-07,2025-01-05,-37.556522276383255,0.022602082651724125
"('MATIC-USD', 'AVAX-USD')",2024-11-07,2025-01-05,5.430912089241393,68.63949864984605
"('ETH-USD', 'AVAX-USD')",2024-11-08,2025-01-06,-37.09752172061044,0.022465124458499863
"('MATIC-USD', 'AVAX-USD')",2024-11-08,2025-01-06,5.808557381484064,68.05966471133185
"('MATIC-USD', 'AVAX-USD')",2024-11-09,2025-01-07,6.493219376549023,66.92272080720187
"('MATIC-USD', 'AVAX-USD')",2024-11-10,2025-01-08,6.808511531181045,66.38415819772172
"('ETH-USD', 'LTC-USD')",2024-11-11,2025-01-09,-69.79213120207649,0.04997539603685308
"('ETH-USD', 'LTC-USD')",2024-11-12,2025-01-10,-65.16751012564912,0.04879594989266079
"('MATIC-USD', 'AVAX-USD')",2024-11-12,2025-01-10,6.89580439970816,66.2238104885604
"('ETH-USD', 'LTC-USD')",2024-11-13,2025-01-11,-59.44226734490534,0.047286001537062715
"('MATIC-USD', 'AVAX-USD')",2024-11-13,2025-01-11,6.774744844606854,66.4256179580033
"('MATIC-USD', 'AVAX-USD')",2024-11-14,2025-01-12,6.486271114181447,66.92263392875286
"('MATIC-USD', 'AVAX-USD')",2024-11-15,2025-01-13,6.246266248314371,67.33342106992689
"('ETH-USD', 'AVAX-USD')",2024-11-18,2025-01-16,-33.01570773862361,0.021378843473692826
"('ETH-USD', 'AVAX-USD')",2024-11-19,2025-01-17,-32.969043820427686,0.021366796253866612
"('ETH-USD', 'AVAX-USD')",2024-11-20,2025-01-18,-32.92076858828069,0.021356980183028763
"('ETH-USD', 'AVAX-USD')",2024-11-21,2025-01-19,-33.37292042276477,0.021480609036394663
"('MATIC-USD', 'AVAX-USD')",2024-11-21,2025-01-19,6.283684306431508,67.3800456389387
"('ETH-USD', 'AVAX-USD')",2024-11-22,2025-01-20,-33.10131146175453,0.02141272329647815
"('MATIC-USD', 'AVAX-USD')",2024-11-22,2025-01-20,6.391623727461024,67.20370416981406
"('MATIC-USD', 'AVAX-USD')",2024-11-25,2025-01-23,5.9734712760221464,68.07222828449645
"('ETH-USD', 'AVAX-USD')",2024-11-26,2025-01-24,-36.34548566304727,0.022251907426789525
"('ETH-USD', 'AVAX-USD')",2024-11-27,2025-01-25,-37.62042981057596,0.022585419110000973
"('ETH-USD', 'AVAX-USD')",2024-11-28,2025-01-26,-37.633677178777845,0.02259608149888072
"('MATIC-USD', 'AVAX-USD')",2024-11-28,2025-01-26,6.033441786797772,68.07809991147622
"('ETH-USD', 'AVAX-USD')",2024-11-29,2025-01-27,-37.65262986945657,0.02260346252927541
"('MATIC-USD', 'AVAX-USD')",2024-11-29,2025-01-27,5.974378614917917,68.23775848979979
"('ETH-USD', 'AVAX-USD')",2024-11-30,2025-01-28,-37.47757823747492,0.022548120472303066
"('MATIC-USD', 'AVAX-USD')",2024-11-30,2025-01-28,5.845917669589419,68.49843377350766
"('ETH-USD', 'AVAX-USD')",2024-12-01,2025-01-29,-37.65556334533636,0.022605021765478815
"('MATIC-USD', 'AVAX-USD')",2024-12-01,2025-01-29,5.670492720891815,68.89535988617025
"('ETH-USD', 'AVAX-USD')",2024-12-02,2025-01-30,-38.18129467057947,0.0227543915572586
"('MATIC-USD', 'AVAX-USD')",2024-12-02,2025-01-30,5.519994831082725,69.26340750982862
"('ETH-USD', 'MATIC-USD')",2024-12-03,2025-01-31,-0.5436867905574356,0.00030282034895898305
"('ETH-USD', 'AVAX-USD')",2024-12-03,2025-01-31,-37.66220769707861,0.022557106491127694
"('MATIC-USD', 'AVAX-USD')",2024-12-03,2025-01-31,5.858274300844074,68.56640254425186
"('BTC-USD', 'LTC-USD')",2024-12-04,2025-02-01,-84.10266633698016,0.0019929361149549868
"('ETH-USD', 'MATIC-USD')",2024-12-04,2025-02-01,-0.5350961338198699,0.0002994951843523826
"('ETH-USD', 'AVAX-USD')",2024-12-04,2025-02-01,-37.06021852035061,0.022347744968757924
"('MATIC-USD', 'AVAX-USD')",2024-12-04,2025-02-01,5.2530225907575145,69.89013050703133
"('BTC-USD', 'LTC-USD')",2024-12-05,2025-02-02,-85.86524660967602,0.0020068966128862593
"('ETH-USD', 'MATIC-USD')",2024-12-05,2025-02-02,-0.5041361463062993,0.0002901238171994052
"('ETH-USD', 'AVAX-USD')",2024-12-05,2025-02-02,-35.63931745943221,0.02191958872468384
"('MATIC-USD', 'AVAX-USD')",2024-12-05,2025-02-02,4.583882672709376,71.26878613022306
"('BTC-USD', 'LTC-USD')",2024-12-06,2025-02-03,-92.49970637044534,0.0020673092418474225
"('ETH-USD', 'MATIC-USD')",2024-12-06,2025-02-03,-0.47712452038235975,0.0002819011659187634
"('MATIC-USD', 'AVAX-USD')",2024-12-06,2025-02-03,3.839690572947293,72.85391606216523
"('BTC-USD', 'LTC-USD')",2024-12-07,2025-02-04,-92.81680450336782,0.002065374595193274
"('ETH-USD', 'MATIC-USD')",2024-12-07,2025-02-04,-0.4412953140658773,0.00027120939955918116
"('MATIC-USD', 'AVAX-USD')",2024-12-07,2025-02-04,2.8711125300379905,74.95673835834083
"('BTC-USD', 'LTC-USD')",2024-12-08,2025-02-05,-92.6594942187518,0.0020598213867132655
"('ETH-USD', 'MATIC-USD')",2024-12-08,2025-02-05,-0.41920575249352526,0.0002644128724419665
"('MATIC-USD', 'AVAX-USD')",2024-12-08,2025-02-05,1.7391122934730012,77.43732932640319
"('BTC-USD', 'LTC-USD')",2024-12-09,2025-02-06,-89.92367918000662,0.0020282140669646447
"('MATIC-USD', 'AVAX-USD')",2024-12-09,2025-02-06,0.959625535590418,79.16098575898087
"('BTC-USD', 'LTC-USD')",2024-12-10,2025-02-07,-91.39959188305222,0.002042125204119321
"('ETH-USD', 'MATIC-USD')",2024-12-10,2025-02-07,-0.37546401054130063,0.0002511129336564595
"('MATIC-USD', 'AVAX-USD')",2024-12-10,2025-02-07,0.6625935009990304,79.86301175071937
"('BTC-USD', 'LTC-USD')",2024-12-11,2025-02-08,-92.82050703046284,0.002055651247704641
"('ETH-USD', 'MATIC-USD')",2024-12-11,2025-02-08,-0.35864383684075096,0.00024597261444192535
"('ETH-USD', 'AVAX-USD')",2024-12-11,2025-02-08,-30.32297299656424,0.020353905489351374
"('MATIC-USD', 'AVAX-USD')",2024-12-11,2025-02-08,0.1887665666105095,80.94731131024896
"('BTC-USD', 'LTC-USD')",2024-12-12,2025-02-09,-91.72959076535952,0.002044561660005892
"('ETH-USD', 'AVAX-USD')",2024-12-12,2025-02-09,-29.440362080002927,0.02009342884527421
"('BTC-USD', 'LTC-USD')",2024-12-13,2025-02-10,-88.68152058597076,0.00201481644899677
"('ETH-USD', 'AVAX-USD')",2024-12-13,2025-02-10,-27.482367352210918,0.019485476243124973
"('BTC-USD', 'LTC-USD')",2024-12-14,2025-02-11,-80.79070391754848,0.001936242751476287
"('ETH-USD', 'AVAX-USD')",2024-12-14,2025-02-11,-25.385966821869527,0.01883692518235105
"('BTC-USD', 'LTC-USD')",2024-12-15,2025-02-12,-78.41011845956693,0.0019139553505483227
"('ETH-USD', 'AVAX-USD')",2024-12-15,2025-02-12,-24.55752153514525,0.018572465830620468
"('ETH-USD', 'AVAX-USD')",2024-12-16,2025-02-13,-23.747707334077656,0.018314007332509555
"('ETH-USD', 'AVAX-USD')",2024-12-17,2025-02-14,-23.804912572705046,0.01833438748848856
"('MATIC-USD', 'AVAX-USD')",2024-12-17,2025-02-14,1.2575439152262602,78.29954948204214
"('ETH-USD', 'AVAX-USD')",2024-12-18,2025-02-15,-23.68288582348833,0.018293769809766602
"('ETH-USD', 'AVAX-USD')",2024-12-19,2025-02-16,-23.67941421501227,0.018290126000457537
"('ETH-USD', 'AVAX-USD')",2024-12-20,2025-02-17,-24.05016654321462,0.018398949386574562
"('ETH-USD', 'AVAX-USD')",2024-12-21,2025-02-18,-24.503293817000124,0.018534273029304195
"('ETH-USD', 'AVAX-USD')",2024-12-24,2025-02-21,-25.23385674252678,0.01874635417997143
"('ETH-USD', 'AVAX-USD')",2024-12-25,2025-02-22,-25.21001691557794,0.018729337960425488
"('ETH-USD', 'AVAX-USD')",2024-12-26,2025-02-23,-25.642188949241227,0.018853721554451846
"('ETH-USD', 'MATIC-USD')",2024-12-27,2025-02-24,-0.315347550469317,0.00023168263092132954
"('ETH-USD', 'AVAX-USD')",2024-12-27,2025-02-24,-25.59259937391765,0.018837726601666
"('MATIC-USD', 'AVAX-USD')",2024-12-27,2025-02-24,0.5437820484896834,80.06904305394855
"('ETH-USD', 'LTC-USD')",2024-12-28,2025-02-25,138.1059152620637,-0.007567593037915602
"('ETH-USD', 'AVAX-USD')",2024-12-28,2025-02-25,-25.499906251406493,0.018814010844755515
"('MATIC-USD', 'AVAX-USD')",2024-12-28,2025-02-25,0.3144935668354602,80.7265493016803
"('ETH-USD', 'LTC-USD')",2024-12-29,2025-02-26,137.93751277636264,-0.007425452580125605
"('ETH-USD', 'AVAX-USD')",2024-12-29,2025-02-26,-24.469542952020003,0.01849984737048551
"('MATIC-USD', 'AVAX-USD')",2024-12-29,2025-02-26,0.0690461814590711,81.413470740978
"('ETH-USD', 'LTC-USD')",2024-12-30,2025-02-27,138.19635750109572,-0.007396872621394256
"('MATIC-USD', 'AVAX-USD')",2024-12-30,2025-02-27,-0.0743529228413962,81.86587640048303
"('ETH-USD', 'LTC-USD')",2024-12-31,2025-02-28,138.62215680053995,-0.007425388037675626
"('MATIC-USD', 'AVAX-USD')",2024-12-31,2025-02-28,-0.14619841016969592,82.13199913481304
"('ETH-USD', 'LTC-USD')",2025-01-01,2025-03-01,138.16979046536113,-0.007203015633392805
"('MATIC-USD', 'AVAX-USD')",2025-01-01,2025-03-01,-0.3377405962323648,82.62997189320174
"('MATIC-USD', 'AVAX-USD')",2025-01-02,2025-03-02,-0.3970852419176292,82.84237827171309
"('MATIC-USD', 'AVAX-USD')",2025-01-03,2025-03-03,-0.40241216602388075,82.88085771974731
"('MATIC-USD', 'AVAX-USD')",2025-01-04,2025-03-04,-0.5107720655796303,83.19155535784037
"('MATIC-USD', 'AVAX-USD')",2025-01-05,2025-03-05,-0.4413661171001437,83.06012219398008
"('MATIC-USD', 'AVAX-USD')",2025-01-06,2025-03-06,-0.2723637277611749,82.59613888691139
"('MATIC-USD', 'AVAX-USD')",2025-01-07,2025-03-07,-0.048383765985752836,81.94102576167418
"('MATIC-USD', 'AVAX-USD')",2025-01-08,2025-03-08,0.07452496777906294,81.5760487354393
"('MATIC-USD', 'AVAX-USD')",2025-01-09,2025-03-09,0.027743984795251725,81.72049923825965
"('MATIC-USD', 'AVAX-USD')",2025-01-10,2025-03-10,-0.1118548459254622,82.11599431737552
"('MATIC-USD', 'AVAX-USD')",2025-01-11,2025-03-11,-0.19657938139159034,82.39544774523746
"('MATIC-USD', 'AVAX-USD')",2025-01-12,2025-03-12,-0.09413718432392998,82.18445932306687
"('BTC-USD', 'ETH-USD')",2025-01-13,2025-03-13,-2873.9710115479297,0.05879495062667488
"('MATIC-USD', 'AVAX-USD')",2025-01-13,2025-03-13,0.03679724037840227,81.87120265333493
"('BTC-USD', 'ETH-USD')",2025-01-14,2025-03-14,-2945.8926805440765,0.059444020067427335
"('MATIC-USD', 'AVAX-USD')",2025-01-14,2025-03-14,0.0919054703188378,81.78703422081884
"('BTC-USD', 'ETH-USD')",2025-01-15,2025-03-15,-2977.015336454585,0.05967298756635178
"('MATIC-USD', 'AVAX-USD')",2025-01-15,2025-03-15,0.16790472502935178,81.6708758989966
"('BTC-USD', 'ETH-USD')",2025-01-16,2025-03-16,-2937.8937560422787,0.059173277677013414
"('BTC-USD', 'AVAX-USD')",2025-01-16,2025-03-16,-46.123655276380255,0.0007674437414233069
"('MATIC-USD', 'AVAX-USD')",2025-01-16,2025-03-16,0.27806097564606125,81.38358212601733
"('BTC-USD', 'ETH-USD')",2025-01-17,2025-03-17,-2927.5468867776276,0.05898378830295928
"('MATIC-USD', 'AVAX-USD')",2025-01-17,2025-03-17,0.5456884463316972,80.53413430561285
"('BTC-USD', 'ETH-USD')",2025-01-18,2025-03-18,-2871.4393725513996,0.05834181349165545
"('ETH-USD', 'MATIC-USD')",2025-01-18,2025-03-18,-0.09752996292172258,0.0001571038614561057
"('BTC-USD', 'ETH-USD')",2025-01-19,2025-03-19,-2876.653306311836,0.05835760758883081
"('BTC-USD', 'ETH-USD')",2025-01-20,2025-03-20,-2856.4518670272155,0.05809902660478347
"('BTC-USD', 'ETH-USD')",2025-01-21,2025-03-21,-2827.7733163259513,0.05774341000509514
"('BTC-USD', 'ETH-USD')",2025-01-22,2025-03-22,-2827.512597356756,0.05773003437511563
"('ETH-USD', 'MATIC-USD')",2025-01-24,2025-03-24,-0.07116646288873506,0.0001449907701537069
