Date,BTC-USD,ETH-USD,LTC-USD,MATIC-USD,AVAX-USD
2022-10-31,20495.7734375,1572.7144775390625,55.084434509277344,0.9039880037307739,19.311609268188477
2022-11-01,20485.2734375,1579.70458984375,55.12718963623047,0.8753330111503601,18.66878318786621
2022-11-02,20159.50390625,1519.7117919921875,60.558467864990234,0.8717179894447327,17.897476196289062
2022-11-03,20209.98828125,1531.541748046875,61.92131423950195,0.9521219730377197,18.04765510559082
2022-11-04,21147.23046875,1645.0933837890625,67.59659576416016,1.1697460412979126,19.39575958251953
2022-11-05,21282.69140625,1627.968017578125,69.72119903564453,1.1837220191955566,19.603248596191406
2022-11-06,20926.486328125,1572.2347412109375,68.08605194091797,1.1379679441452026,18.27923011779785
2022-11-07,20602.81640625,1568.59130859375,67.65226745605469,1.2524490356445312,18.06842041015625
2022-11-08,18541.271484375,1332.8355712890625,57.39180374145508,1.0444190502166748,15.991604804992676
2022-11-09,15880.7802734375,1100.1697998046875,50.65857696533203,0.8132039904594421,12.917875289916992
2022-11-10,17586.771484375,1299.464599609375,60.361053466796875,1.124959945678711,15.386506080627441
2022-11-11,17034.29296875,1287.2210693359375,61.24228286743164,1.061987042427063,14.095545768737793
2022-11-12,16799.185546875,1255.268310546875,59.855552673339844,0.9389730095863342,13.064070701599121
2022-11-13,16353.365234375,1221.8192138671875,57.48717498779297,0.8880599737167358,13.052020072937012
2022-11-14,16618.19921875,1241.604248046875,56.546199798583984,0.9157090187072754,13.10676383972168
2022-11-15,16884.61328125,1251.7362060546875,58.00726318359375,0.9401339888572693,13.49658203125
2022-11-16,16669.439453125,1215.6025390625,57.516422271728516,0.9005380272865295,13.078482627868652
2022-11-17,16687.517578125,1200.80859375,62.48411560058594,0.8748829960823059,12.889345169067383
2022-11-18,16697.77734375,1212.30029296875,62.64376449584961,0.8802880048751831,12.989431381225586
2022-11-19,16711.546875,1218.4267578125,63.81239700317383,0.8760949969291687,12.882172584533691
2022-11-20,16291.83203125,1142.4666748046875,62.00232696533203,0.8075739741325378,12.196779251098633
2022-11-21,15787.2841796875,1108.35302734375,61.37348937988281,0.796284019947052,11.834380149841309
2022-11-22,16189.76953125,1135.1734619140625,70.44279479980469,0.8500109910964966,12.322193145751953
2022-11-23,16610.70703125,1183.1995849609375,79.00006866455078,0.8611760139465332,13.031652450561523
2022-11-24,16604.46484375,1203.983154296875,78.83014678955078,0.8493000268936157,12.94083309173584
2022-11-25,16521.841796875,1198.9259033203125,74.02890014648438,0.8442140221595764,12.828289031982422
2022-11-26,16464.28125,1205.89794921875,76.37289428710938,0.8466449975967407,12.75235652923584
2022-11-27,16444.626953125,1195.126953125,75.04431915283203,0.8449040055274963,12.876786231994629
2022-11-28,16217.322265625,1170.086181640625,74.12022399902344,0.8226979970932007,12.457791328430176
2022-11-29,16444.982421875,1216.9012451171875,75.98377227783203,0.8388919830322266,12.47298812866211
2022-11-30,17168.56640625,1295.6885986328125,79.2977066040039,0.9369959831237793,13.157401084899902
2022-12-01,16967.1328125,1276.27392578125,77.51800537109375,0.9083759784698486,12.887733459472656
2022-12-02,17088.66015625,1294.3033447265625,77.95148468017578,0.9461979866027832,13.58639907836914
2022-12-03,16908.236328125,1243.3348388671875,76.59791564941406,0.9031879901885986,13.431282043457031
2022-12-04,17130.486328125,1280.256591796875,77.21428680419922,0.9221190214157104,13.925615310668945
2022-12-05,16974.826171875,1259.6767578125,80.26353454589844,0.9111390113830566,13.60273265838623
2022-12-06,17089.50390625,1271.65380859375,79.92121887207031,0.9173889756202698,13.666421890258789
2022-12-07,16848.126953125,1232.4375,77.03605651855469,0.89621901512146,13.264047622680664
2022-12-08,17233.474609375,1281.1163330078125,78.3898696899414,0.9277809858322144,13.40671443939209
2022-12-09,17133.15234375,1264.2847900390625,76.33456420898438,0.9095150232315063,13.451823234558105
2022-12-10,17128.724609375,1266.3841552734375,76.3709945678711,0.9082520008087158,13.480047225952148
2022-12-11,17104.193359375,1263.8685302734375,76.6280517578125,0.8932330012321472,12.995100021362305
2022-12-12,17206.4375,1274.6190185546875,76.22152709960938,0.9105730056762695,12.991484642028809
2022-12-13,17781.318359375,1320.5491943359375,77.344482421875,0.9234340190887451,13.728175163269043
2022-12-14,17815.650390625,1309.3287353515625,75.47586059570312,0.9033470153808594,13.727560043334961
2022-12-15,17364.865234375,1266.3538818359375,72.3354721069336,0.8779810070991516,13.170801162719727
2022-12-16,16647.484375,1168.2593994140625,66.32679748535156,0.7957950234413147,11.846814155578613
2022-12-17,16795.091796875,1188.1495361328125,64.9578857421875,0.8161420226097107,11.963336944580078
2022-12-18,16757.9765625,1184.7152099609375,64.55413055419922,0.81386399269104,11.92267894744873
2022-12-19,16439.6796875,1167.60986328125,63.3414306640625,0.7727789878845215,11.382280349731445
2022-12-20,16906.3046875,1217.70361328125,65.74638366699219,0.8026710152626038,11.967804908752441
2022-12-21,16817.53515625,1213.5999755859375,65.39140319824219,0.7929959893226624,11.696436882019043
2022-12-22,16830.341796875,1218.18212890625,66.15167236328125,0.7957280278205872,11.84343147277832
2022-12-23,16796.953125,1220.159423828125,65.77222442626953,0.7987340092658997,11.781726837158203
2022-12-24,16847.755859375,1221.1485595703125,65.77478790283203,0.795993983745575,11.680429458618164
2022-12-25,16841.986328125,1218.9620361328125,69.20626831054688,0.7951329946517944,11.684593200683594
2022-12-26,16919.8046875,1226.974365234375,70.68474578857422,0.8135169744491577,11.723855972290039
2022-12-27,16717.173828125,1212.7916259765625,68.74790954589844,0.8060250282287598,11.646395683288574
2022-12-28,16552.572265625,1189.986083984375,66.33906555175781,0.7828310132026672,11.202914237976074
2022-12-29,16642.341796875,1201.5953369140625,66.7510757446289,0.7774189710617065,10.992694854736328
2022-12-30,16602.5859375,1199.2327880859375,67.99403381347656,0.7605329751968384,10.870248794555664
2022-12-31,16547.49609375,1196.771240234375,69.9962158203125,0.7585170269012451,10.902632713317871
2023-01-01,16625.080078125,1200.96484375,70.81565856933594,0.7599729895591736,10.865915298461914
2023-01-02,16688.470703125,1214.6566162109375,74.86290740966797,0.7808520197868347,11.15361499786377
2023-01-03,16679.857421875,1214.77880859375,75.60272216796875,0.7800769805908203,11.38444995880127
2023-01-04,16863.23828125,1256.526611328125,75.43390655517578,0.8063719868659973,12.07761287689209
2023-01-05,16836.736328125,1250.4385986328125,74.25080871582031,0.7885270118713379,11.740196228027344
2023-01-06,16951.96875,1269.3790283203125,75.9925765991211,0.7992159724235535,11.781206130981445
2023-01-07,16955.078125,1264.2703857421875,76.37344360351562,0.8067349791526794,11.743424415588379
2023-01-08,17091.14453125,1287.3594970703125,77.6822738647461,0.8403710126876831,12.072585105895996
2023-01-09,17196.5546875,1321.5389404296875,81.747314453125,0.8442339897155762,12.209636688232422
2023-01-10,17446.29296875,1336.5860595703125,80.88751983642578,0.8584640026092529,12.731241226196289
2023-01-11,17934.896484375,1387.9327392578125,84.0703125,0.8934280276298523,15.913924217224121
2023-01-12,18869.587890625,1417.9384765625,85.96422576904297,0.9162889719009399,15.45734977722168
2023-01-13,19909.57421875,1451.6148681640625,86.34003448486328,0.9311019778251648,15.962223052978516
2023-01-14,20976.298828125,1550.7069091796875,87.81385803222656,0.9996709823608398,16.958057403564453
2023-01-15,20880.798828125,1552.4794921875,87.36553192138672,0.9835180044174194,16.797117233276367
2023-01-16,21169.6328125,1576.83349609375,85.83431243896484,1.0194920301437378,16.740787506103516
2023-01-17,21161.51953125,1567.8460693359375,87.11742401123047,0.9960119724273682,17.1265926361084
2023-01-18,20688.78125,1515.5069580078125,82.77532958984375,0.9401209950447083,15.804330825805664
2023-01-19,21086.79296875,1552.5565185546875,84.23226928710938,0.9528899788856506,16.196353912353516
2023-01-20,22676.552734375,1659.754150390625,90.49322509765625,1.0262500047683716,17.52127456665039
2023-01-21,22777.625,1627.1181640625,88.31465148925781,0.9899770021438599,16.896469116210938
2023-01-22,22720.416015625,1628.382080078125,87.62997436523438,0.9940919876098633,17.362272262573242
2023-01-23,22934.431640625,1628.2510986328125,90.02592468261719,0.9951890110969543,18.0065860748291
2023-01-24,22636.46875,1556.604248046875,87.202880859375,0.9559280276298523,17.01931381225586
2023-01-25,23117.859375,1611.7110595703125,89.38101196289062,0.9936230182647705,17.803890228271484
2023-01-26,23032.77734375,1603.10595703125,87.5894546508789,1.122305989265442,18.108034133911133
2023-01-27,23078.728515625,1598.156494140625,88.84580993652344,1.1582740545272827,21.25410270690918
2023-01-28,23031.08984375,1572.43505859375,89.60193634033203,1.1442320346832275,20.60495948791504
2023-01-29,23774.56640625,1646.1556396484375,95.05005645751953,1.177880048751831,21.07977867126465
2023-01-30,22840.138671875,1567.3265380859375,91.26243591308594,1.0872349739074707,19.73917007446289
2023-01-31,23139.283203125,1586.535400390625,94.30811309814453,1.1113330125808716,19.844499588012695
2023-02-01,23723.76953125,1641.792724609375,100.4436264038086,1.1949670314788818,20.965364456176758
2023-02-02,23471.87109375,1643.2415771484375,98.690185546875,1.1804440021514893,21.1800594329834
2023-02-03,23449.322265625,1664.74560546875,99.9709243774414,1.2442270517349243,21.36518669128418
2023-02-04,23331.84765625,1667.0592041015625,98.6144790649414,1.2506279945373535,21.024635314941406
2023-02-05,22955.666015625,1631.6458740234375,96.45875549316406,1.2045010328292847,20.108016967773438
2023-02-06,22760.109375,1616.2470703125,96.06245422363281,1.1904150247573853,19.58503532409668
2023-02-07,23264.291015625,1672.0035400390625,100.92766571044922,1.268975019454956,20.845218658447266
2023-02-08,22939.3984375,1650.716796875,99.2076187133789,1.3039699792861938,20.08147430419922
2023-02-09,21819.0390625,1546.438232421875,92.09846496582031,1.228342056274414,17.874452590942383
2023-02-10,21651.18359375,1514.869140625,93.52928161621094,1.2305949926376343,17.79853057861328
2023-02-11,21870.875,1539.9267578125,94.43054962158203,1.251412034034729,18.029085159301758
2023-02-12,21788.203125,1515.03369140625,92.39573669433594,1.2385159730911255,17.76869773864746
2023-02-13,21808.1015625,1507.1658935546875,91.12174987792969,1.1868449449539185,17.6209716796875
2023-02-14,22220.8046875,1556.8751220703125,95.68757629394531,1.2587729692459106,18.147031784057617
2023-02-15,24307.841796875,1673.7459716796875,102.79530334472656,1.3300319910049438,19.923646926879883
2023-02-16,23623.474609375,1640.067626953125,98.95220184326172,1.3717230558395386,18.614831924438477
2023-02-17,24565.6015625,1694.7833251953125,100.30950927734375,1.525588035583496,19.477388381958008
2023-02-18,24641.27734375,1691.8194580078125,99.7918472290039,1.486840009689331,19.578697204589844
2023-02-19,24327.642578125,1681.4361572265625,97.56421661376953,1.478551983833313,19.80207633972168
2023-02-20,24829.1484375,1702.6751708984375,95.9408187866211,1.4743280410766602,20.810766220092773
2023-02-21,24436.353515625,1658.036376953125,93.70948028564453,1.384935975074768,20.94013023376465
2023-02-22,24188.84375,1643.231689453125,95.21892547607422,1.3970240354537964,20.314476013183594
2023-02-23,23947.4921875,1651.0738525390625,94.6919937133789,1.354701042175293,19.702638626098633
2023-02-24,23198.126953125,1608.3731689453125,91.55509948730469,1.265956997871399,18.36859893798828
2023-02-25,23175.375,1594.9149169921875,93.2634506225586,1.2488499879837036,17.95964241027832
2023-02-26,23561.212890625,1640.817138671875,95.25562286376953,1.2811830043792725,18.44385528564453
2023-02-27,23522.87109375,1634.326416015625,94.08667755126953,1.235484004020691,17.939739227294922
2023-02-28,23147.353515625,1605.8951416015625,93.79277801513672,1.1952389478683472,17.081113815307617
2023-03-01,23646.55078125,1663.4337158203125,97.73766326904297,1.2482359409332275,17.761022567749023
2023-03-02,23475.466796875,1647.3193359375,95.25724029541016,1.2247730493545532,17.447031021118164
2023-03-03,22362.6796875,1569.1676025390625,90.5489730834961,1.1677570343017578,16.654382705688477
2023-03-04,22353.349609375,1566.9239501953125,89.28953552246094,1.1264450550079346,16.11780548095703
2023-03-05,22435.513671875,1564.46875,89.9533462524414,1.1374499797821045,16.159337997436523
2023-03-06,22429.7578125,1567.398681640625,87.42292022705078,1.1317520141601562,16.52437973022461
2023-03-07,22219.76953125,1561.93310546875,86.3019027709961,1.149590015411377,16.169782638549805
2023-03-08,21718.080078125,1534.0882568359375,82.78353118896484,1.0517879724502563,15.134352684020996
2023-03-09,20363.021484375,1438.6607666015625,76.73104858398438,1.0153640508651733,14.403960227966309
2023-03-10,20187.244140625,1429.1580810546875,71.76221466064453,1.0589040517807007,14.829690933227539
2023-03-11,20632.41015625,1482.61669921875,69.70695495605469,1.064281940460205,14.638959884643555
2023-03-12,22163.94921875,1590.29296875,76.31184387207031,1.1569880247116089,16.256580352783203
2023-03-13,24197.533203125,1680.3089599609375,81.7682876586914,1.1934000253677368,16.500085830688477
2023-03-14,24746.07421875,1703.507080078125,84.35054016113281,1.200760006904602,17.180816650390625
2023-03-15,24375.9609375,1656.1805419921875,76.42815399169922,1.114243984222412,15.585168838500977
2023-03-16,25052.7890625,1677.2154541015625,79.05355072021484,1.1507469415664673,15.87647819519043
2023-03-17,27423.9296875,1792.485107421875,85.5023193359375,1.2244999408721924,17.64643669128418
2023-03-18,26965.87890625,1761.65966796875,82.9837417602539,1.171612024307251,16.987367630004883
2023-03-19,28038.67578125,1785.5765380859375,84.43609619140625,1.168956995010376,17.563106536865234
2023-03-20,27767.236328125,1735.3212890625,78.42455291748047,1.1040970087051392,16.64081382751465
2023-03-21,28175.81640625,1806.7607421875,82.7353515625,1.1565070152282715,17.4854679107666
2023-03-22,27307.4375,1737.717041015625,87.35688781738281,1.1099519729614258,16.77981185913086
2023-03-23,28333.97265625,1816.4051513671875,93.70100402832031,1.1370240449905396,17.562936782836914
2023-03-24,27493.28515625,1752.0447998046875,93.70990753173828,1.097398042678833,16.986759185791016
2023-03-25,27494.70703125,1743.7647705078125,91.58114624023438,1.0792039632797241,16.880115509033203
2023-03-26,27994.330078125,1775.6767578125,93.52519226074219,1.105597972869873,17.13402557373047
2023-03-27,27139.888671875,1715.4608154296875,89.24687194824219,1.0469709634780884,16.503171920776367
2023-03-28,27268.130859375,1772.78564453125,89.13937377929688,1.0876660346984863,16.726268768310547
2023-03-29,28348.44140625,1793.0018310546875,91.34173583984375,1.122851014137268,17.2939395904541
2023-03-30,28033.5625,1792.7371826171875,89.05989074707031,1.092411994934082,17.245332717895508
2023-03-31,28478.484375,1822.0220947265625,89.68412780761719,1.1191619634628296,17.716890335083008
2023-04-01,28411.03515625,1813.860595703125,92.87535095214844,1.105478048324585,17.662683486938477
2023-04-02,28199.30859375,1795.7081298828125,93.01597595214844,1.0965059995651245,17.263288497924805
2023-04-03,27790.220703125,1810.297119140625,93.03733825683594,1.0970200300216675,17.101024627685547
2023-04-04,28168.08984375,1871.005126953125,92.60042572021484,1.1390889883041382,17.64712142944336
2023-04-05,28177.984375,1909.114013671875,92.62211608886719,1.1405149698257446,17.989526748657227
2023-04-06,28044.140625,1872.922607421875,90.92915344238281,1.1136380434036255,18.001949310302734
2023-04-07,27925.859375,1865.6361083984375,90.6383285522461,1.1075780391693115,17.624462127685547
2023-04-08,27947.794921875,1849.4981689453125,89.9751968383789,1.1024819612503052,17.464860916137695
2023-04-09,28333.05078125,1859.3878173828125,90.67667388916016,1.1019220352172852,17.560928344726562
2023-04-10,29652.98046875,1911.20751953125,93.82122802734375,1.1213159561157227,17.932527542114258
2023-04-11,30235.05859375,1892.189697265625,94.31179809570312,1.1138880252838135,18.16439437866211
2023-04-12,30139.052734375,1920.68212890625,92.50415802001953,1.1106200218200684,18.491119384765625
2023-04-13,30399.06640625,2012.6346435546875,94.2594985961914,1.1346789598464966,18.85436248779297
2023-04-14,30485.69921875,2101.635498046875,96.45197296142578,1.1620399951934814,19.248788833618164
2023-04-15,30318.49609375,2092.466796875,96.86820983886719,1.17289400100708,19.107620239257812
2023-04-16,30315.35546875,2120.005859375,100.26744842529297,1.1838619709014893,20.20197868347168
2023-04-17,29445.044921875,2076.242919921875,98.67469787597656,1.1529539823532104,20.514562606811523
2023-04-18,30397.552734375,2104.537353515625,101.8514175415039,1.171897053718567,21.227848052978516
2023-04-19,28822.6796875,1936.4034423828125,90.44068145751953,1.0855530500411987,18.993925094604492
2023-04-20,28245.98828125,1943.09765625,90.23965454101562,1.0471500158309937,18.332067489624023
2023-04-21,27276.91015625,1849.9998779296875,85.51734161376953,1.0126760005950928,16.953628540039062
2023-04-22,27817.5,1874.2286376953125,87.09852600097656,1.0253440141677856,17.23383903503418
2023-04-23,27591.384765625,1862.06201171875,86.89732360839844,1.0036760568618774,16.86546516418457
2023-04-24,27525.33984375,1842.7574462890625,88.40734100341797,0.9899200201034546,16.939165115356445
2023-04-25,28307.59765625,1866.753662109375,91.10834503173828,1.0058540105819702,17.64320945739746
2023-04-26,28422.701171875,1866.564208984375,88.25418853759766,0.9861339926719666,17.189762115478516
2023-04-27,29473.787109375,1908.786376953125,89.68881225585938,1.0125279426574707,17.724498748779297
2023-04-28,29340.26171875,1892.5128173828125,89.73138427734375,0.998852014541626,17.56381607055664
2023-04-29,29248.48828125,1908.9169921875,91.08751678466797,1.0031019449234009,17.48208236694336
2023-04-30,29268.806640625,1876.92431640625,88.53362274169922,0.984080970287323,17.166259765625
2023-05-01,28091.568359375,1831.954833984375,86.74261474609375,0.9601370096206665,16.65838050842285
2023-05-02,28680.537109375,1870.789306640625,88.29579162597656,0.976993978023529,16.854707717895508
2023-05-03,29006.30859375,1904.65185546875,88.89485168457031,1.0065560340881348,17.222131729125977
2023-05-04,28847.7109375,1877.7041015625,88.49445343017578,0.9825419783592224,16.91795539855957
2023-05-05,29534.384765625,1995.0609130859375,88.83866882324219,0.9989330172538757,17.38660430908203
2023-05-06,28904.623046875,1900.2218017578125,83.63143920898438,0.9777910113334656,16.63551902770996
2023-05-07,28454.978515625,1873.076416015625,83.5726089477539,0.965624988079071,16.447729110717773
2023-05-08,27694.2734375,1849.042724609375,77.8734359741211,0.900642991065979,15.423477172851562
2023-05-09,27658.775390625,1848.6031494140625,80.0215835571289,0.877144992351532,15.335582733154297
2023-05-10,27621.755859375,1842.4014892578125,81.06997680664062,0.8773589730262756,15.53670883178711
2023-05-11,27000.7890625,1796.4906005859375,81.04087829589844,0.8425009846687317,14.973287582397461
2023-05-12,26804.990234375,1808.019775390625,80.50313568115234,0.8650850057601929,15.192852973937988
2023-05-13,26784.078125,1796.1148681640625,80.30570220947266,0.8494070172309875,14.942066192626953
2023-05-14,26930.638671875,1800.5009765625,83.44429779052734,0.8597729802131653,15.03024959564209
2023-05-15,27192.693359375,1817.5499267578125,87.06656646728516,0.8602520227432251,15.093147277832031
2023-05-16,27036.650390625,1824.1214599609375,89.85771942138672,0.8460109829902649,14.903059005737305
2023-05-17,27398.802734375,1821.859619140625,93.88973236083984,0.8876799941062927,15.164073944091797
2023-05-18,26832.208984375,1801.728515625,90.54290771484375,0.8727009892463684,14.70057201385498
2023-05-19,26890.12890625,1812.5894775390625,91.70238494873047,0.8709350228309631,14.67898941040039
2023-05-20,27129.5859375,1820.47802734375,92.3713150024414,0.877144992351532,14.636693954467773
2023-05-21,26753.826171875,1804.5313720703125,92.27886962890625,0.8567829728126526,14.313434600830078
2023-05-22,26851.27734375,1817.5347900390625,90.94607543945312,0.8719720244407654,14.680551528930664
2023-05-23,27225.7265625,1854.380615234375,91.63233184814453,0.8898800015449524,14.711454391479492
2023-05-24,26334.818359375,1800.0999755859375,86.0003662109375,0.8740220069885254,14.147786140441895
2023-05-25,26476.20703125,1805.9537353515625,86.60067749023438,0.8900129795074463,14.095544815063477
2023-05-26,26719.291015625,1828.689697265625,87.26806640625,0.9116250276565552,14.345760345458984
2023-05-27,26868.353515625,1831.1182861328125,88.65031433105469,0.9209719896316528,14.549345970153809
2023-05-28,28085.646484375,1910.9141845703125,91.57996368408203,0.9418879747390747,14.935823440551758
2023-05-29,27745.884765625,1893.078125,91.00045776367188,0.9093999862670898,14.484777450561523
2023-05-30,27702.349609375,1901.026611328125,92.32611083984375,0.9014719724655151,14.4511137008667
2023-05-31,27219.658203125,1874.1304931640625,90.53900909423828,0.8933200240135193,14.119641304016113
2023-06-01,26819.97265625,1862.201416015625,93.97233581542969,0.8885629773139954,14.10698413848877
2023-06-02,27249.58984375,1907.256591796875,95.4177474975586,0.9001780152320862,14.490138053894043
2023-06-03,27075.12890625,1892.4124755859375,95.99313354492188,0.8995140194892883,14.574328422546387
2023-06-04,27119.06640625,1890.5135498046875,94.2899169921875,0.8933560252189636,14.782492637634277
2023-06-05,25760.09765625,1811.828369140625,87.83460235595703,0.8362269997596741,13.897244453430176
2023-06-06,27238.783203125,1884.494873046875,90.92071533203125,0.8237339854240417,14.631876945495605
2023-06-07,26345.998046875,1832.39599609375,88.848388671875,0.7652440071105957,14.032129287719727
2023-06-08,26508.216796875,1846.3018798828125,88.46656036376953,0.7813959717750549,13.931173324584961
2023-06-09,26480.375,1840.2252197265625,89.2320327758789,0.727711021900177,13.767868041992188
2023-06-10,25851.240234375,1752.384765625,77.3517074584961,0.6119580268859863,11.680257797241211
2023-06-11,25940.16796875,1753.415283203125,77.69893646240234,0.6350730061531067,11.575257301330566
2023-06-12,25902.5,1742.5286865234375,77.548095703125,0.6430230140686035,11.520296096801758
2023-06-13,25918.728515625,1739.03759765625,77.4438247680664,0.6443089842796326,11.787354469299316
2023-06-14,25124.67578125,1650.519287109375,73.16329193115234,0.6192020177841187,11.366084098815918
2023-06-15,25576.39453125,1665.519775390625,74.52643585205078,0.5904629826545715,11.40145206451416
2023-06-16,26327.462890625,1716.6688232421875,76.04912567138672,0.5898579955101013,11.541641235351562
2023-06-17,26510.67578125,1727.2041015625,76.91241455078125,0.6136670112609863,11.625213623046875
2023-06-18,26336.212890625,1720.5775146484375,77.17825317382812,0.5968070030212402,11.342635154724121
2023-06-19,26851.029296875,1737.659423828125,77.42202758789062,0.6140419840812683,11.454609870910645
2023-06-20,28327.48828125,1792.1199951171875,80.30889892578125,0.6311659812927246,12.106450080871582
2023-06-21,30027.296875,1891.0072021484375,85.14774322509766,0.6696950197219849,12.917662620544434
2023-06-22,29912.28125,1872.9429931640625,86.07022094726562,0.6567909717559814,12.667882919311523
2023-06-23,30695.46875,1892.862060546875,91.20945739746094,0.6750900149345398,13.281949996948242
2023-06-24,30548.6953125,1876.0596923828125,89.74402618408203,0.6552990078926086,13.024869918823242
2023-06-25,30480.26171875,1900.506103515625,88.2751693725586,0.6675840020179749,13.442519187927246
2023-06-26,30271.130859375,1859.432861328125,87.27570343017578,0.6454110145568848,13.152833938598633
2023-06-27,30688.1640625,1889.703369140625,87.99827575683594,0.6639419794082642,13.205107688903809
2023-06-28,30086.24609375,1827.97119140625,83.06114959716797,0.6144899725914001,12.355886459350586
2023-06-29,30445.3515625,1852.227294921875,84.77587127685547,0.6239010095596313,12.677756309509277
2023-06-30,30477.251953125,1933.18896484375,108.16532897949219,0.661014974117279,13.013050079345703
2023-07-01,30590.078125,1924.56591796875,107.22920227050781,0.6766930222511292,12.994583129882812
2023-07-02,30620.76953125,1937.4383544921875,113.21729278564453,0.6815009713172913,13.119144439697266
2023-07-03,31156.439453125,1955.38916015625,106.94577026367188,0.7137029767036438,13.223526000976562
2023-07-04,30777.58203125,1936.633544921875,104.71099090576172,0.6960920095443726,13.042004585266113
2023-07-05,30514.166015625,1910.5880126953125,102.6939926147461,0.6709920167922974,12.670045852661133
2023-07-06,29909.337890625,1848.636474609375,95.66722869873047,0.6631410121917725,12.410744667053223
2023-07-07,30342.265625,1870.6025390625,98.24247741699219,0.6765099763870239,12.739989280700684
2023-07-08,30292.541015625,1865.53955078125,97.8747787475586,0.6802880167961121,13.66015911102295
2023-07-09,30171.234375,1863.009765625,95.17955017089844,0.6882249712944031,13.607531547546387
2023-07-10,30414.470703125,1880.556396484375,96.7313461303711,0.7364869713783264,13.38939094543457
2023-07-11,30620.951171875,1878.3360595703125,96.78643798828125,0.7421219944953918,13.260403633117676
2023-07-12,30391.646484375,1872.11376953125,96.28018188476562,0.7242109775543213,13.025257110595703
2023-07-13,31476.048828125,2006.511474609375,101.92713928222656,0.8496879935264587,14.092904090881348
2023-07-14,30334.068359375,1939.3470458984375,95.15866088867188,0.8095579743385315,14.644426345825195
2023-07-15,30295.806640625,1931.466552734375,94.7518081665039,0.7994189858436584,14.834538459777832
2023-07-16,30249.1328125,1923.681884765625,92.90528106689453,0.7675750255584717,14.28956413269043
2023-07-17,30145.888671875,1911.6461181640625,92.29344940185547,0.778918981552124,14.422088623046875
2023-07-18,29856.5625,1897.5992431640625,91.50321960449219,0.7383620142936707,13.79177474975586
2023-07-19,29913.923828125,1889.0079345703125,92.16179656982422,0.7449380159378052,14.006319046020508
2023-07-20,29792.015625,1890.9691162109375,92.3820571899414,0.7676100134849548,13.856021881103516
2023-07-21,29908.744140625,1892.080078125,94.05186462402344,0.7705579996109009,13.983912467956543
2023-07-22,29771.802734375,1864.912353515625,92.051513671875,0.7462090253829956,13.504372596740723
2023-07-23,30084.5390625,1889.191650390625,93.25886535644531,0.7575439810752869,13.560688972473145
2023-07-24,29176.916015625,1850.0020751953125,89.1534652709961,0.7280769944190979,13.103471755981445
2023-07-25,29227.390625,1857.741943359375,89.53140258789062,0.7084640264511108,13.345781326293945
2023-07-26,29354.97265625,1872.159912109375,90.62142181396484,0.7223899960517883,13.264717102050781
2023-07-27,29210.689453125,1860.357177734375,90.49376678466797,0.716543972492218,13.14130973815918
2023-07-28,29319.24609375,1874.744873046875,91.53057098388672,0.7101219892501831,13.238449096679688
2023-07-29,29356.91796875,1881.06884765625,94.59809112548828,0.718904972076416,13.246442794799805
2023-07-30,29275.30859375,1861.643798828125,94.09105682373047,0.6975640058517456,13.128493309020996
2023-07-31,29230.111328125,1856.162353515625,92.24313354492188,0.6879289746284485,12.825377464294434
2023-08-01,29675.732421875,1871.7921142578125,93.82040405273438,0.7013109922409058,12.875663757324219
2023-08-02,29151.958984375,1839.0897216796875,87.48905944824219,0.6809149980545044,12.53736400604248
2023-08-03,29178.6796875,1835.136474609375,82.70779418945312,0.6680999994277954,12.446003913879395
2023-08-04,29074.091796875,1827.712890625,82.07891082763672,0.6640239953994751,12.397878646850586
2023-08-05,29042.126953125,1834.9879150390625,83.1055908203125,0.666487991809845,12.437810897827148
2023-08-06,29041.85546875,1827.4620361328125,82.4717025756836,0.6666799783706665,12.572416305541992
2023-08-07,29180.578125,1826.9388427734375,82.34452056884766,0.6651419997215271,12.4482421875
2023-08-08,29765.4921875,1855.807373046875,83.95689392089844,0.6856099963188171,12.691263198852539
2023-08-09,29561.494140625,1854.297607421875,84.0372085571289,0.6900140047073364,12.621299743652344
2023-08-10,29429.591796875,1850.75341796875,83.0334701538086,0.6849750280380249,12.480973243713379
2023-08-11,29397.71484375,1847.1243896484375,83.49586486816406,0.6807039976119995,12.441793441772461
2023-08-12,29415.96484375,1848.889892578125,83.44852447509766,0.6817169785499573,12.389760971069336
2023-08-13,29282.9140625,1839.2801513671875,81.97803497314453,0.6773269772529602,12.274397850036621
2023-08-14,29408.443359375,1844.185791015625,82.0685806274414,0.6793490052223206,12.353681564331055
2023-08-15,29170.34765625,1826.9327392578125,79.27375030517578,0.6386299729347229,11.806095123291016
2023-08-16,28701.779296875,1805.6590576171875,74.4788589477539,0.6232420206069946,11.368606567382812
2023-08-17,26664.55078125,1684.9334716796875,65.08576202392578,0.5740789771080017,10.590560913085938
2023-08-18,26049.556640625,1660.945068359375,64.08291625976562,0.5778149962425232,10.799485206604004
2023-08-19,26096.205078125,1669.471923828125,64.10386657714844,0.57676100730896,10.80682373046875
2023-08-20,26189.583984375,1684.85205078125,65.25251007080078,0.580223023891449,10.873089790344238
2023-08-21,26124.140625,1667.26904296875,66.95868682861328,0.5579749941825867,10.361355781555176
2023-08-22,26031.65625,1633.892578125,64.7702865600586,0.5483030080795288,10.130790710449219
2023-08-23,26431.640625,1679.2744140625,65.61077880859375,0.556896984577179,10.336661338806152
2023-08-24,26162.373046875,1659.944580078125,64.8792724609375,0.5471140146255493,10.113130569458008
2023-08-25,26047.66796875,1652.93505859375,65.1119155883789,0.5461940169334412,10.053031921386719
2023-08-26,26008.462890625,1646.3067626953125,65.0107192993164,0.5481119751930237,10.09171199798584
2023-08-27,26089.693359375,1657.5130615234375,65.36711120605469,0.5559629797935486,10.19877815246582
2023-08-28,26106.150390625,1652.4573974609375,65.5425033569336,0.5620250105857849,10.367795944213867
2023-08-29,27727.392578125,1729.7257080078125,68.89247131347656,0.5933740139007568,10.81059741973877
2023-08-30,27297.265625,1705.1121826171875,67.65953063964844,0.575082004070282,10.411699295043945
2023-08-31,25931.47265625,1645.63916015625,63.951377868652344,0.5494040250778198,9.987269401550293
2023-09-01,25800.724609375,1628.4912109375,63.00745391845703,0.5405499935150146,9.92474365234375
2023-09-02,25868.798828125,1637.025390625,64.56063079833984,0.5408200025558472,9.91187858581543
2023-09-03,25969.56640625,1636.11767578125,63.93811798095703,0.5421730279922485,9.884934425354004
2023-09-04,25812.416015625,1629.6552734375,63.70868682861328,0.5536659955978394,9.801345825195312
2023-09-05,25779.982421875,1633.62939453125,63.123634338378906,0.5582370162010193,9.91453742980957
2023-09-06,25753.236328125,1632.2523193359375,62.84352493286133,0.5586599707603455,9.938821792602539
2023-09-07,26240.1953125,1647.5982666015625,63.62236785888672,0.5549799799919128,10.070907592773438
2023-09-08,25905.654296875,1636.1378173828125,62.57698059082031,0.5434659719467163,9.921845436096191
2023-09-09,25895.677734375,1635.162353515625,63.08150863647461,0.5402200222015381,9.84569263458252
2023-09-10,25832.2265625,1616.828857421875,61.12152862548828,0.5234670042991638,9.474143028259277
2023-09-11,25162.654296875,1551.6376953125,58.837158203125,0.5034430027008057,9.230627059936523
2023-09-12,25833.34375,1592.429443359375,60.01279067993164,0.5067049860954285,9.216546058654785
2023-09-13,26228.32421875,1607.988525390625,62.00352096557617,0.5139170289039612,9.299893379211426
2023-09-14,26539.673828125,1626.974365234375,62.808536529541016,0.5221379995346069,9.395648002624512
2023-09-15,26608.693359375,1641.640380859375,65.99552917480469,0.5299040079116821,9.429611206054688
2023-09-16,26568.28125,1635.2216796875,65.33952331542969,0.5287209749221802,9.388934135437012
2023-09-17,26534.1875,1622.896728515625,63.57822799682617,0.5174720287322998,9.106959342956543
2023-09-18,26754.28125,1637.3470458984375,65.89459991455078,0.5264970064163208,9.113308906555176
2023-09-19,27211.1171875,1643.544677734375,67.33423614501953,0.544655978679657,9.218695640563965
2023-09-20,27132.0078125,1622.890625,64.56434631347656,0.541487991809845,9.047985076904297
2023-09-21,26567.6328125,1584.3070068359375,64.69098663330078,0.5201519727706909,8.826976776123047
2023-09-22,26579.568359375,1593.268310546875,64.33540344238281,0.520995020866394,8.86332893371582
2023-09-23,26579.390625,1593.8577880859375,65.08039093017578,0.5207509994506836,8.90028190612793
2023-09-24,26256.826171875,1580.8533935546875,63.58713912963867,0.5135890245437622,8.787721633911133
2023-09-25,26298.48046875,1588.3228759765625,64.33724212646484,0.5193650126457214,8.943991661071777
2023-09-26,26217.25,1593.417236328125,63.75851058959961,0.5100600123405457,9.043546676635742
2023-09-27,26352.716796875,1597.4912109375,63.486812591552734,0.5034360289573669,8.922224044799805
2023-09-28,27021.546875,1652.8826904296875,65.23880767822266,0.5195900201797485,9.262673377990723
2023-09-29,26911.720703125,1667.94384765625,65.63209533691406,0.5257589817047119,9.175294876098633
2023-09-30,26967.916015625,1671.161865234375,66.06964874267578,0.5332810282707214,9.243800163269043
2023-10-01,27983.75,1733.8104248046875,68.23331451416016,0.5685319900512695,9.739897727966309
2023-10-02,27530.78515625,1663.6275634765625,66.01112365722656,0.5475130081176758,9.327079772949219
2023-10-03,27429.978515625,1656.6856689453125,65.49351501464844,0.5663080215454102,9.403885841369629
2023-10-04,27799.39453125,1647.838134765625,64.45206451416016,0.5633689761161804,10.09360408782959
2023-10-05,27415.912109375,1611.4764404296875,64.8587646484375,0.5460180044174194,10.132204055786133
2023-10-06,27946.59765625,1645.83154296875,65.53318786621094,0.5641890168190002,10.65694808959961
2023-10-07,27968.83984375,1634.51123046875,65.48564147949219,0.5638049840927124,10.363143920898438
2023-10-08,27935.08984375,1633.548583984375,65.36454772949219,0.5611850023269653,10.096406936645508
2023-10-09,27583.677734375,1579.806640625,63.11105728149414,0.529774010181427,9.538162231445312
2023-10-10,27391.01953125,1567.7130126953125,63.621070861816406,0.5175589919090271,9.53337574005127
2023-10-11,26873.3203125,1566.2547607421875,61.499820709228516,0.5141540169715881,9.304060935974121
2023-10-12,26756.798828125,1539.6124267578125,61.12781524658203,0.5076640248298645,9.117600440979004
2023-10-13,26862.375,1552.0894775390625,61.574058532714844,0.5149070024490356,9.156827926635742
2023-10-14,26861.70703125,1555.2568359375,61.665157318115234,0.5175639986991882,9.150793075561523
2023-10-15,27159.65234375,1558.06982421875,61.65643310546875,0.5154209733009338,9.17321491241455
2023-10-16,28519.466796875,1600.5343017578125,63.337162017822266,0.5341209769248962,9.422463417053223
2023-10-17,28415.748046875,1565.4395751953125,62.16300964355469,0.5194709897041321,9.112850189208984
2023-10-18,28328.341796875,1563.7498779296875,60.276973724365234,0.5113149881362915,8.915651321411133
2023-10-19,28719.806640625,1567.45703125,61.786651611328125,0.5176290273666382,9.065718650817871
2023-10-20,29682.94921875,1604.6668701171875,63.41781997680664,0.5360550284385681,9.221672058105469
2023-10-21,29918.412109375,1629.304443359375,64.73554229736328,0.5727159976959229,9.639253616333008
2023-10-22,29993.896484375,1663.429931640625,65.19058227539062,0.609129011631012,10.063459396362305
2023-10-23,33086.234375,1765.3826904296875,68.99109649658203,0.6356239914894104,10.565308570861816
2023-10-24,33901.52734375,1784.4375,69.0318603515625,0.6245350241661072,10.314806938171387
2023-10-25,34502.8203125,1787.3975830078125,68.6949234008789,0.6303070187568665,10.510028839111328
2023-10-26,34156.6484375,1804.039306640625,68.85438537597656,0.6322050094604492,11.052852630615234
2023-10-27,33909.80078125,1780.0452880859375,67.05579376220703,0.6097339987754822,10.598812103271484
2023-10-28,34089.57421875,1776.6181640625,67.78277587890625,0.6206390261650085,10.973055839538574
2023-10-29,34538.48046875,1795.5460205078125,68.80084228515625,0.63823002576828,11.361387252807617
2023-10-30,34502.36328125,1810.088623046875,69.25083923339844,0.6499279737472534,11.45251178741455
2023-10-31,34667.78125,1816.458984375,68.9495620727539,0.635981023311615,11.32440185546875
2023-11-01,35437.25390625,1847.0897216796875,69.93502044677734,0.6681029796600342,12.209151268005371
2023-11-02,34938.2421875,1800.6209716796875,69.39419555664062,0.6610869765281677,11.889124870300293
2023-11-03,34732.32421875,1832.795166015625,69.49114227294922,0.6719430088996887,12.111170768737793
2023-11-04,35082.1953125,1857.6986083984375,70.47209930419922,0.6778730154037476,12.2177734375
2023-11-05,35049.35546875,1894.15771484375,71.66265106201172,0.6933330297470093,12.366694450378418
2023-11-06,35037.37109375,1899.83740234375,74.48286437988281,0.7354069948196411,13.081212997436523
2023-11-07,35443.5625,1888.124267578125,73.56438446044922,0.7420859932899475,12.823539733886719
2023-11-08,35655.27734375,1889.3223876953125,73.17993927001953,0.7894780039787292,13.021961212158203
2023-11-09,36693.125,2120.56103515625,73.75221252441406,0.8565099835395813,12.972375869750977
2023-11-10,37313.96875,2078.289794921875,73.30500030517578,0.8443509936332703,14.748550415039062
2023-11-11,37138.05078125,2052.7138671875,75.17430877685547,0.8028860092163086,16.78807258605957
2023-11-12,37054.51953125,2045.18701171875,74.89127349853516,0.8975120186805725,18.845966339111328
2023-11-13,36502.35546875,2055.265380859375,71.49154663085938,0.8839769959449768,16.219932556152344
2023-11-14,35537.640625,1979.0526123046875,70.63526153564453,0.9155840277671814,17.090946197509766
2023-11-15,37880.58203125,2060.408447265625,74.080322265625,0.922012984752655,20.73465347290039
2023-11-16,36154.76953125,1960.881591796875,71.1790542602539,0.8464900255203247,21.760902404785156
2023-11-17,36596.68359375,1961.28076171875,70.18233489990234,0.830731987953186,21.940824508666992
2023-11-18,36585.703125,1963.2850341796875,69.89380645751953,0.8319600224494934,21.995351791381836
2023-11-19,37386.546875,2013.2044677734375,70.64031219482422,0.8531460165977478,22.85964584350586
2023-11-20,37476.95703125,2022.2391357421875,69.51773834228516,0.8115180134773254,20.86159896850586
2023-11-21,35813.8125,1937.0667724609375,66.45738220214844,0.732545018196106,19.04480743408203
2023-11-22,37432.33984375,2064.42529296875,68.7055892944336,0.7735329866409302,20.7967586517334
2023-11-23,37289.62109375,2062.210693359375,69.512451171875,0.772936999797821,20.672449111938477
2023-11-24,37720.28125,2081.152099609375,70.73595428466797,0.7599689960479736,20.88572883605957
2023-11-25,37796.79296875,2084.4130859375,71.83336639404297,0.7792900204658508,21.32732391357422
2023-11-26,37479.12109375,2063.2861328125,70.05899047851562,0.7630159854888916,21.110458374023438
2023-11-27,37254.16796875,2027.4173583984375,69.2423324584961,0.7430959939956665,20.358753204345703
2023-11-28,37831.0859375,2049.338134765625,69.73725128173828,0.7482619881629944,20.653627395629883
2023-11-29,37858.4921875,2029.92919921875,69.98934936523438,0.7576969861984253,21.086414337158203
2023-11-30,37712.74609375,2052.55615234375,69.4455795288086,0.7625160217285156,21.38686180114746
2023-12-01,38688.75,2087.139892578125,71.54496765136719,0.7994959950447083,21.861373901367188
2023-12-02,39476.33203125,2165.7041015625,72.27222442626953,0.816215991973877,22.241073608398438
2023-12-03,39978.390625,2193.691650390625,72.25643157958984,0.8141859769821167,21.968658447265625
2023-12-04,41980.09765625,2243.2158203125,72.82166290283203,0.8097010254859924,22.632719039916992
2023-12-05,44080.6484375,2293.841796875,74.29119873046875,0.8134660124778748,24.484773635864258
2023-12-06,43746.4453125,2231.661376953125,72.41529083251953,0.8188530206680298,26.217491149902344
2023-12-07,43292.6640625,2357.57958984375,74.05846405029297,0.8423529863357544,26.30372428894043
2023-12-08,44166.6015625,2358.73193359375,78.39876556396484,0.9064239859580994,30.636808395385742
2023-12-09,43725.984375,2341.17529296875,76.27754974365234,0.884913980960846,31.817724227905273
2023-12-10,43779.69921875,2352.462646484375,77.14188385009766,0.9219549894332886,37.07502746582031
2023-12-11,41243.83203125,2224.578857421875,72.65074920654297,0.8418499827384949,38.1399040222168
2023-12-12,41450.22265625,2202.0380859375,72.4129867553711,0.8860960006713867,37.430912017822266
2023-12-13,42890.7421875,2260.648681640625,73.1978530883789,0.8876349925994873,39.053768157958984
2023-12-14,43023.97265625,2316.5791015625,72.96341705322266,0.8840870261192322,39.30565643310547
2023-12-15,41929.7578125,2219.33740234375,70.95587921142578,0.8395299911499023,39.812110900878906
2023-12-16,42240.1171875,2226.926513671875,72.13298034667969,0.8499109745025635,42.081905364990234
2023-12-17,41364.6640625,2196.481201171875,71.23487091064453,0.8189219832420349,40.662322998046875
2023-12-18,42623.5390625,2217.2734375,70.80284118652344,0.8002930283546448,41.06120300292969
2023-12-19,42270.52734375,2177.87255859375,70.61455535888672,0.7653589844703674,39.82133483886719
2023-12-20,43652.25,2201.911376953125,69.80497741699219,0.775102972984314,43.42633819580078
2023-12-21,43869.15234375,2239.54248046875,70.92453002929688,0.8172140121459961,45.96164321899414
2023-12-22,43997.90234375,2326.52490234375,73.7297134399414,0.876596987247467,45.44339370727539
2023-12-23,43739.54296875,2309.04638671875,72.5406265258789,0.8592190146446228,48.06705856323242
2023-12-24,43016.1171875,2265.692138671875,71.17471313476562,0.8510230183601379,47.711238861083984
2023-12-25,43613.140625,2272.561767578125,72.27528381347656,0.9119579792022705,48.3452033996582
2023-12-26,42520.40234375,2231.46533203125,73.15052032470703,1.0154169797897339,44.426029205322266
2023-12-27,43442.85546875,2378.739990234375,75.85030364990234,1.0396239757537842,42.41041564941406
2023-12-28,42627.85546875,2347.566162109375,76.72232818603516,1.0034129619598389,39.90686798095703
2023-12-29,42099.40234375,2300.690673828125,73.40414428710938,0.9733650088310242,40.21108627319336
2023-12-30,42156.90234375,2292.0654296875,73.31273651123047,0.9530869722366333,39.39484786987305
2023-12-31,42265.1875,2281.47119140625,72.7984390258789,0.9706079959869385,38.5449104309082
2024-01-01,44167.33203125,2352.327880859375,74.73192596435547,1.0156519412994385,41.864463806152344
2024-01-02,44957.96875,2355.83642578125,72.98407745361328,0.9697179794311523,40.64521026611328
2024-01-03,42848.17578125,2210.761962890625,65.30164337158203,0.8554210066795349,36.7952766418457
2024-01-04,44179.921875,2269.0380859375,66.49139404296875,0.8834369778633118,38.73783493041992
2024-01-05,44162.69140625,2268.647216796875,66.02114868164062,0.8520190119743347,36.43484878540039
2024-01-06,43989.1953125,2241.624755859375,65.67607879638672,0.8282399773597717,34.62417984008789
2024-01-07,43943.09765625,2222.865966796875,64.2574691772461,0.8007410168647766,33.62965393066406
2024-01-08,46970.50390625,2333.03271484375,67.80654907226562,0.8426330089569092,36.08260726928711
2024-01-09,46139.73046875,2344.8271484375,66.94928741455078,0.8060579895973206,34.695011138916016
2024-01-10,46627.77734375,2582.103515625,69.89013671875,0.8978859782218933,38.472389221191406
2024-01-11,46368.5859375,2619.619140625,71.9844741821289,0.9273399710655212,39.445777893066406
2024-01-12,42853.16796875,2524.460205078125,72.90021514892578,0.8642119765281677,35.87169647216797
2024-01-13,42842.3828125,2576.597900390625,71.98751068115234,0.8819109797477722,36.45083999633789
2024-01-14,41796.26953125,2472.2412109375,69.81559753417969,0.8379290103912354,35.33799743652344
2024-01-15,42511.96875,2511.36376953125,69.255615234375,0.8449479937553406,35.66428756713867
2024-01-16,43154.9453125,2587.691162109375,69.47465515136719,0.8451740145683289,35.59072494506836
2024-01-17,42742.65234375,2528.369384765625,69.38614654541016,0.8095009922981262,36.00657653808594
2024-01-18,41262.05859375,2467.018798828125,67.99267578125,0.7847049832344055,33.52815246582031
2024-01-19,41618.40625,2489.49853515625,71.1841812133789,0.7609930038452148,32.643001556396484
2024-01-20,41665.5859375,2469.589111328125,71.29741668701172,0.7851189970970154,32.80842590332031
2024-01-21,41545.78515625,2453.9130859375,71.60008239746094,0.7823240160942078,32.473045349121094
2024-01-22,39507.3671875,2310.826416015625,67.28827667236328,0.7456870079040527,29.48309326171875
2024-01-23,39845.55078125,2240.68603515625,65.44943237304688,0.724141001701355,30.59178352355957
2024-01-24,40077.07421875,2233.561767578125,66.14016723632812,0.7383360266685486,31.217866897583008
2024-01-25,39933.80859375,2217.710205078125,65.49899291992188,0.73225998878479,30.48063850402832
2024-01-26,41816.87109375,2267.19970703125,67.03406524658203,0.7590199708938599,32.27981948852539
2024-01-27,42120.0546875,2267.885986328125,68.08456420898438,0.7880309820175171,33.261962890625
2024-01-28,42035.59375,2257.208740234375,68.39750671386719,0.7892820239067078,34.79377365112305
2024-01-29,43288.24609375,2317.064208984375,68.45301055908203,0.8131729960441589,36.073768615722656
2024-01-30,42952.609375,2344.49365234375,67.51202392578125,0.7998849749565125,35.144779205322266
2024-01-31,42582.60546875,2282.54443359375,66.75304412841797,0.7864369750022888,33.16189956665039
2024-02-01,43075.7734375,2303.82470703125,67.51658630371094,0.8110769987106323,33.82854080200195
2024-02-02,43185.859375,2308.0380859375,68.0035171508789,0.7983400225639343,36.707916259765625
2024-02-03,42992.25,2296.038330078125,68.83683776855469,0.7844619750976562,35.91640090942383
2024-02-04,42583.58203125,2289.546142578125,66.93138885498047,0.7739139795303345,34.844993591308594
2024-02-05,42658.66796875,2298.888916015625,67.61941528320312,0.7793200016021729,34.50077438354492
2024-02-06,43084.671875,2372.201904296875,68.29098510742188,0.8057799935340881,34.1414680480957
2024-02-07,44318.22265625,2423.7451171875,68.5560302734375,0.8335319757461548,35.27924728393555
2024-02-08,45301.56640625,2419.906494140625,70.5627670288086,0.8343909978866577,35.427764892578125
2024-02-09,47147.19921875,2487.515625,70.67704772949219,0.8530579805374146,38.01095962524414
2024-02-10,47771.27734375,2501.228271484375,70.80987548828125,0.848924994468689,40.2883186340332
2024-02-11,48293.91796875,2507.570556640625,71.54000091552734,0.834954023361206,39.732269287109375
2024-02-12,49958.22265625,2658.115966796875,72.93286895751953,0.881026029586792,41.08818817138672
2024-02-13,49742.44140625,2642.185302734375,69.00106048583984,0.8536790013313293,39.765350341796875
2024-02-14,51826.6953125,2777.90234375,69.89627838134766,0.8908730149269104,42.26839065551758
2024-02-15,51938.5546875,2824.37890625,69.81148529052734,0.8899279832839966,41.596004486083984
2024-02-16,52160.203125,2803.69140625,70.6171646118164,0.9527379870414734,40.312129974365234
2024-02-17,51662.99609375,2786.672607421875,69.9896240234375,0.928708016872406,39.762489318847656
2024-02-18,52122.546875,2878.998046875,70.7302474975586,0.9989640116691589,40.254661560058594
2024-02-19,51779.14453125,2943.57470703125,71.31204223632812,0.9964349865913391,39.482234954833984
2024-02-20,52284.875,3013.503662109375,69.65516662597656,1.0261470079421997,38.52740478515625
2024-02-21,51839.1796875,2970.35546875,68.93756103515625,0.9508240222930908,37.63543701171875
2024-02-22,51304.97265625,2971.00732421875,68.76451873779297,0.991366982460022,36.75072479248047
2024-02-23,50731.94921875,2921.658203125,68.82816314697266,0.9879630208015442,35.92631912231445
2024-02-24,51571.1015625,2992.385986328125,70.3870620727539,0.9949399828910828,36.73804473876953
2024-02-25,51733.23828125,3112.697265625,70.08211517333984,0.9982590079307556,37.44997024536133
2024-02-26,54522.40234375,3178.99365234375,71.9378890991211,1.0593090057373047,39.33618927001953
2024-02-27,57085.37109375,3244.519287109375,74.03375244140625,1.028594970703125,39.268646240234375
2024-02-28,62504.7890625,3385.703857421875,74.59254455566406,1.0107159614562988,40.2947883605957
2024-02-29,61198.3828125,3341.919677734375,79.9408950805664,1.0012329816818237,40.935386657714844
2024-03-01,62440.6328125,3435.053955078125,85.08411407470703,1.0250710248947144,42.85532760620117
2024-03-02,62029.84765625,3422.0498046875,94.41902923583984,1.0944709777832031,44.33390808105469
2024-03-03,63167.37109375,3490.99365234375,90.66835021972656,1.0892410278320312,42.6048583984375
2024-03-04,68330.4140625,3630.433837890625,88.93545532226562,1.1472630500793457,43.08823776245117
2024-03-05,63801.19921875,3554.964599609375,82.04119873046875,1.0340839624404907,39.50013732910156
2024-03-06,66106.8046875,3819.226318359375,85.82997131347656,1.1171560287475586,41.51433563232422
2024-03-07,66925.484375,3874.34765625,88.10804748535156,1.161350965499878,43.29000473022461
2024-03-08,68300.09375,3892.06103515625,88.63076782226562,1.1278760433197021,42.74036407470703
2024-03-09,68498.8828125,3915.4189453125,90.8468017578125,1.1586380004882812,43.000335693359375
2024-03-10,69019.7890625,3881.193115234375,87.50755310058594,1.230849027633667,42.052711486816406
2024-03-11,72123.90625,4066.445068359375,103.7921142578125,1.2437700033187866,49.007232666015625
2024-03-12,71481.2890625,3980.273193359375,97.53800201416016,1.1817009449005127,55.59136962890625
2024-03-13,73083.5,4006.45703125,97.32198333740234,1.2714049816131592,54.948246002197266
2024-03-14,71396.59375,3883.140380859375,94.11614227294922,1.2218940258026123,54.05936813354492
2024-03-15,69403.7734375,3735.22021484375,89.71339416503906,1.1406630277633667,58.48988723754883
2024-03-16,65315.1171875,3522.860107421875,84.13844299316406,1.0434010028839111,53.49980545043945
2024-03-17,68390.625,3642.4130859375,85.85752868652344,1.0887809991836548,58.115814208984375
2024-03-18,67548.59375,3517.985107421875,87.1122055053711,1.030447006225586,60.689945220947266
2024-03-19,61912.7734375,3157.6181640625,78.58637237548828,0.9320589900016785,53.52589416503906
2024-03-20,67913.671875,3513.39306640625,84.78901672363281,1.0091029405593872,57.03071975708008
2024-03-21,65491.390625,3492.9912109375,85.70162200927734,0.9947720170021057,53.86556625366211
2024-03-22,63778.76171875,3333.68798828125,83.31150817871094,0.9701550006866455,53.267066955566406
2024-03-23,64062.203125,3336.593994140625,85.42414093017578,0.9805579781532288,53.412357330322266
2024-03-24,67234.171875,3454.636474609375,89.69075012207031,1.0111030340194702,55.6641960144043
2024-03-25,69958.8125,3590.8837890625,90.72403717041016,1.0454180240631104,57.823333740234375
2024-03-26,69987.8359375,3587.5048828125,95.86446380615234,1.0458710193634033,55.81808853149414
2024-03-27,69455.34375,3500.115234375,93.6755142211914,1.0088469982147217,54.114627838134766
2024-03-28,70744.953125,3561.2939453125,94.2191162109375,1.00205397605896,54.621883392333984
2024-03-29,69892.828125,3511.80615234375,109.25897216796875,0.9914469718933105,53.4062385559082
2024-03-30,69645.3046875,3507.9443359375,102.86311340332031,0.9805189967155457,53.00242614746094
2024-03-31,71333.6484375,3647.8564453125,105.18340301513672,1.003391981124878,54.11042785644531
2024-04-01,69702.1484375,3505.030029296875,99.3753433227539,0.9512689709663391,51.45050048828125
2024-04-02,65446.97265625,3277.234619140625,106.81754302978516,0.8998749852180481,46.820255279541016
2024-04-03,65980.8125,3311.44189453125,98.57223510742188,0.8955680131912231,45.94569778442383
2024-04-04,68508.84375,3330.04052734375,98.40848541259766,0.9054459929466248,46.506927490234375
2024-04-05,67837.640625,3318.88525390625,98.04344940185547,0.884896993637085,45.38042449951172
2024-04-06,68896.109375,3354.183837890625,101.50172424316406,0.8976100087165833,48.19573974609375
2024-04-07,69362.5546875,3453.49462890625,101.17562866210938,0.9115790128707886,49.387210845947266
2024-04-08,71631.359375,3695.292724609375,103.3110580444336,0.9461529850959778,49.883567810058594
2024-04-09,69139.015625,3505.163330078125,97.49812316894531,0.8975229859352112,46.47019577026367
2024-04-10,70587.8828125,3543.737060546875,96.69976043701172,0.8872600197792053,47.31169509887695
2024-04-11,70060.609375,3505.247802734375,98.68910217285156,0.8783450126647949,46.05759811401367
2024-04-12,67195.8671875,3243.034912109375,86.26956939697266,0.7666569948196411,39.41774368286133
2024-04-13,63821.47265625,3004.900390625,77.60658264160156,0.6551060080528259,34.07841110229492
2024-04-14,65738.7265625,3156.94189453125,79.9143295288086,0.7121890187263489,37.316444396972656
2024-04-15,63426.2109375,3101.600341796875,78.07315063476562,0.7077500224113464,35.157203674316406
2024-04-16,63811.86328125,3084.920166015625,79.92219543457031,0.7031580209732056,34.76621627807617
2024-04-17,61276.69140625,2984.7275390625,80.16748046875,0.66805100440979,33.54623794555664
2024-04-18,63512.75390625,3066.027587890625,80.79938507080078,0.6764140129089355,34.85084533691406
2024-04-19,63843.5703125,3059.278564453125,80.9097900390625,0.6736869812011719,34.72248077392578
2024-04-20,64994.44140625,3157.627197265625,85.092041015625,0.7381590008735657,38.301055908203125
2024-04-21,64926.64453125,3147.28857421875,84.16567993164062,0.7133960127830505,37.11705017089844
2024-04-22,66837.6796875,3201.652099609375,85.4677963256836,0.7430099844932556,39.22599411010742
2024-04-23,66407.2734375,3219.91162109375,85.10800170898438,0.7284430265426636,38.2866096496582
2024-04-24,64276.8984375,3139.80517578125,83.16317749023438,0.7047240138053894,36.368186950683594
2024-04-25,64481.70703125,3156.509521484375,83.79810333251953,0.7205119729042053,35.58365249633789
2024-04-26,63755.3203125,3130.164794921875,87.99208068847656,0.7026849985122681,34.40515899658203
2024-04-27,63419.140625,3252.168212890625,83.88262939453125,0.7321799993515015,34.43024826049805
2024-04-28,63113.23046875,3262.774658203125,83.95203399658203,0.7214099764823914,33.93898010253906
2024-04-29,63841.12109375,3215.428955078125,83.51525115966797,0.7048190236091614,35.364253997802734
2024-04-30,60636.85546875,3012.286865234375,79.49531555175781,0.6670529842376709,32.706424713134766
2024-05-01,58254.01171875,2969.78466796875,80.09586334228516,0.6917039752006531,33.28810119628906
2024-05-02,59123.43359375,2988.16845703125,80.12277221679688,0.720395028591156,33.61256408691406
2024-05-03,62889.8359375,3103.5419921875,81.93013763427734,0.7328510284423828,35.584896087646484
2024-05-04,63891.47265625,3117.576416015625,81.6870346069336,0.7292919754981995,37.36183166503906
2024-05-05,64031.1328125,3137.2490234375,81.37557220458984,0.7341780066490173,37.401939392089844
2024-05-06,63161.94921875,3062.728759765625,80.78765106201172,0.7105969786643982,37.138362884521484
2024-05-07,62334.81640625,3006.5771484375,80.81792449951172,0.6935549974441528,35.341732025146484
2024-05-08,61187.94140625,2973.6572265625,81.6363525390625,0.6815400123596191,34.04719924926758
2024-05-09,63049.9609375,3036.0205078125,83.05622100830078,0.6945729851722717,35.08065414428711
2024-05-10,60792.77734375,2909.791259765625,80.2269287109375,0.6718149781227112,33.71251678466797
2024-05-11,60793.7109375,2911.60205078125,81.34529876708984,0.6755610108375549,33.479148864746094
2024-05-12,61448.39453125,2928.701904296875,81.38278198242188,0.6709929704666138,33.167240142822266
2024-05-13,62901.44921875,2949.359619140625,80.6013412475586,0.663112998008728,32.421722412109375
2024-05-14,61552.7890625,2881.157958984375,78.73124694824219,0.6490949988365173,31.568510055541992
2024-05-15,66267.4921875,3037.056640625,82.5345230102539,0.6867009997367859,34.67960739135742
2024-05-16,65231.58203125,2945.131103515625,82.45768737792969,0.6943410038948059,34.46154022216797
2024-05-17,67051.875,3094.11865234375,84.18548583984375,0.7137770056724548,36.423484802246094
2024-05-18,66940.8046875,3122.948974609375,83.86661529541016,0.7095249891281128,37.268310546875
2024-05-19,66278.3671875,3071.843017578125,82.2212142944336,0.6833130121231079,35.621829986572266
2024-05-20,71448.1953125,3663.85546875,88.60094451904297,0.7504410147666931,40.13941955566406
2024-05-21,70136.53125,3789.312744140625,88.21318054199219,0.7291880249977112,41.16374206542969
2024-05-22,69122.3359375,3737.2177734375,85.71488189697266,0.7229470014572144,39.992427825927734
2024-05-23,67929.5625,3776.92724609375,85.41560363769531,0.7421929836273193,38.508544921875
2024-05-24,68526.1015625,3726.9345703125,84.98160552978516,0.7232660055160522,37.99346923828125
2024-05-25,69265.9453125,3749.236572265625,84.9808578491211,0.7296890020370483,38.287784576416016
2024-05-26,68518.09375,3825.8974609375,83.8999252319336,0.7160710096359253,36.752044677734375
2024-05-27,69394.5546875,3892.0068359375,85.2121810913086,0.7436180114746094,38.234317779541016
2024-05-28,68296.21875,3840.25634765625,83.3997802734375,0.7316550016403198,36.99539566040039
2024-05-29,67578.09375,3763.196533203125,83.48149871826172,0.7139800190925598,36.136924743652344
2024-05-30,68364.9921875,3746.849609375,84.41934967041016,0.6964349746704102,35.98757553100586
2024-05-31,67491.4140625,3760.026611328125,83.23851776123047,0.6946210265159607,36.05586242675781
2024-06-01,67706.9375,3813.198974609375,83.43401336669922,0.6983609795570374,35.76011276245117
2024-06-02,67751.6015625,3780.89599609375,83.05375671386719,0.6899340152740479,34.932491302490234
2024-06-03,68804.78125,3766.38916015625,82.7983627319336,0.7044399976730347,35.04046630859375
2024-06-04,70567.765625,3812.515869140625,83.65545654296875,0.7151550054550171,36.07328796386719
2024-06-05,71082.8203125,3864.260986328125,85.41313171386719,0.7246729731559753,36.52158737182617
2024-06-06,70757.1640625,3811.60595703125,84.18112182617188,0.7255949974060059,35.91181564331055
2024-06-07,69342.5859375,3678.629150390625,80.08868408203125,0.6670889854431152,33.507789611816406
2024-06-08,69305.7734375,3680.949951171875,79.99410247802734,0.6498820185661316,32.29003143310547
2024-06-09,69647.9921875,3705.90380859375,80.51000213623047,0.6550769805908203,32.96836853027344
2024-06-10,69512.28125,3666.717529296875,79.60232543945312,0.6498000025749207,32.274227142333984
2024-06-11,67332.03125,3498.33056640625,77.28195190429688,0.6175389885902405,31.541475296020508
2024-06-12,68241.1875,3559.61767578125,78.46941375732422,0.6441259980201721,33.27341079711914
2024-06-13,66756.3984375,3469.28125,79.14324188232422,0.6045659780502319,30.98321533203125
2024-06-14,66011.09375,3480.27197265625,77.54237365722656,0.5912389755249023,30.291038513183594
2024-06-15,66191.0,3565.549560546875,79.19642639160156,0.6171119809150696,29.987537384033203
2024-06-16,66639.046875,3620.5634765625,78.90593719482422,0.6190469861030579,30.038869857788086
2024-06-17,66490.296875,3511.37890625,76.62609100341797,0.5842499732971191,28.480154037475586
2024-06-18,65140.74609375,3483.681396484375,72.61646270751953,0.5571900010108948,26.618864059448242
2024-06-19,64960.296875,3559.347412109375,73.7035140991211,0.5761989951133728,26.89194107055664
2024-06-20,64828.65625,3511.0869140625,74.7087631225586,0.5734109878540039,27.544408798217773
2024-06-21,64096.19921875,3516.07568359375,74.11437225341797,0.5684509873390198,27.450439453125
2024-06-22,64252.578125,3494.8134765625,74.54924774169922,0.5710170269012451,25.6173152923584
2024-06-23,63180.796875,3418.61181640625,73.380126953125,0.5612980127334595,25.05120277404785
2024-06-24,60277.4140625,3350.25634765625,69.6898193359375,0.5610669851303101,24.831315994262695
2024-06-25,61804.640625,3395.029052734375,71.36486053466797,0.5674930214881897,25.399450302124023
2024-06-26,60811.27734375,3369.477294921875,70.9636001586914,0.5512290000915527,25.803598403930664
2024-06-27,61604.80078125,3444.800537109375,73.12354278564453,0.5662580132484436,27.89529800415039
2024-06-28,60320.13671875,3373.635986328125,72.76513671875,0.551895022392273,27.89578628540039
2024-06-29,60887.37890625,3372.9677734375,74.92382049560547,0.5469800233840942,27.725507736206055
2024-06-30,62678.29296875,3432.88916015625,75.27999877929688,0.559997022151947,29.360876083374023
2024-07-01,62851.98046875,3440.341552734375,74.34024810791016,0.5577690005302429,28.816137313842773
2024-07-02,62029.015625,3416.354736328125,75.86390686035156,0.5706369876861572,28.642642974853516
2024-07-03,60173.921875,3292.916748046875,72.0750503540039,0.5306130051612854,26.491296768188477
2024-07-04,56977.703125,3054.52197265625,65.3156967163086,0.4948830008506775,24.446414947509766
2024-07-05,56662.375,2981.5986328125,61.88725662231445,0.46775299310684204,25.134418487548828
2024-07-06,58303.5390625,3069.3779296875,65.43029022216797,0.5066879987716675,27.44342613220215
2024-07-07,55849.109375,2929.38720703125,62.062255859375,0.47747400403022766,25.705129623413086
2024-07-08,56705.09765625,3018.73193359375,64.86933135986328,0.501662015914917,25.222187042236328
2024-07-09,58009.2265625,3064.032958984375,65.31686401367188,0.5009179711341858,26.421600341796875
2024-07-10,57742.49609375,3102.21875,66.93814849853516,0.5129939913749695,25.76766586303711
2024-07-11,57344.9140625,3100.330810546875,67.43598175048828,0.49816399812698364,25.22551918029785
2024-07-12,57899.46484375,3134.15869140625,69.27572631835938,0.5071679949760437,25.974353790283203
2024-07-13,59231.953125,3177.19873046875,69.85125732421875,0.5314139723777771,25.873245239257812
2024-07-14,60787.79296875,3244.0791015625,69.96685791015625,0.5307989716529846,26.36935806274414
2024-07-15,64870.15234375,3489.552734375,72.45584869384766,0.5494740009307861,27.85492706298828
2024-07-16,65097.1484375,3443.513427734375,73.20144653320312,0.5433059930801392,28.03032875061035
2024-07-17,64118.79296875,3388.75244140625,71.42044830322266,0.5401250123977661,27.253253936767578
2024-07-18,63974.06640625,3426.258544921875,71.6102294921875,0.5165449976921082,27.138296127319336
2024-07-19,66710.15625,3505.73486328125,73.45670318603516,0.5334529876708984,28.1879940032959
2024-07-20,67163.6484375,3519.29541015625,73.07349395751953,0.5418319702148438,29.130952835083008
2024-07-21,68154.5234375,3536.60546875,73.988525390625,0.5480440258979797,32.60565948486328
2024-07-22,67585.25,3440.419921875,71.30793762207031,0.5303869843482971,31.858896255493164
2024-07-23,65927.671875,3481.995849609375,72.93016052246094,0.5328310132026672,29.841068267822266
2024-07-24,65372.1328125,3336.33935546875,71.24752044677734,0.5172539949417114,28.39635467529297
2024-07-25,65777.2265625,3174.42724609375,68.8547592163086,0.49710598587989807,27.257287979125977
2024-07-26,67912.0625,3275.951416015625,71.3331069946289,0.5147809982299805,28.708839416503906
2024-07-27,67813.3359375,3247.60791015625,71.3629379272461,0.5177519917488098,28.0848331451416
2024-07-28,68255.8671875,3271.464599609375,71.1284408569336,0.5085240006446838,27.40057373046875
2024-07-29,66819.9140625,3320.539306640625,73.74948120117188,0.5108550190925598,27.083110809326172
2024-07-30,66201.015625,3278.667724609375,71.6852035522461,0.5053809881210327,26.339189529418945
2024-07-31,64619.25,3231.295654296875,70.19042205810547,0.49590298533439636,25.71908950805664
2024-08-01,65357.5,3201.564453125,69.56616973876953,0.49184298515319824,25.723108291625977
2024-08-02,61415.06640625,2986.01318359375,64.99111938476562,0.4678640067577362,23.59450340270996
2024-08-03,60680.09375,2903.3857421875,64.6042251586914,0.4547629952430725,22.68356704711914
2024-08-04,58116.9765625,2686.39892578125,62.396121978759766,0.42097601294517517,21.22766876220703
2024-08-05,53991.45703125,2417.206298828125,56.21337890625,0.38508498668670654,19.549341201782227
2024-08-06,56034.31640625,2458.723876953125,58.263362884521484,0.4078879952430725,20.877193450927734
2024-08-07,55027.4609375,2336.58935546875,55.983909606933594,0.3916110098361969,19.829347610473633
2024-08-08,61710.13671875,2683.352783203125,61.22355270385742,0.43193700909614563,22.737106323242188
2024-08-09,60880.11328125,2599.5986328125,60.74286651611328,0.4220559895038605,21.774154663085938
2024-08-10,60945.8125,2610.02294921875,61.17485427856445,0.4260280132293701,21.588260650634766
2024-08-11,58719.484375,2553.252197265625,59.70698165893555,0.40327098965644836,20.428546905517578
2024-08-12,59354.515625,2724.431884765625,61.4669075012207,0.4262720048427582,21.289514541625977
2024-08-13,60609.56640625,2703.671875,63.41337966918945,0.42227301001548767,21.40406036376953
2024-08-14,58737.26953125,2662.914794921875,64.01732635498047,0.42393699288368225,20.972698211669922
2024-08-15,57560.09765625,2570.087646484375,65.27692413330078,0.4015960097312927,20.141338348388672
2024-08-16,58894.10546875,2593.1865234375,66.56855773925781,0.40409499406814575,20.394376754760742
2024-08-17,59478.97265625,2614.546875,67.58361053466797,0.41017699241638184,20.670944213867188
2024-08-18,58483.96484375,2613.357177734375,66.38336181640625,0.41155898571014404,20.819700241088867
2024-08-19,59493.453125,2637.306396484375,66.36810302734375,0.43006300926208496,21.2274112701416
2024-08-20,59012.79296875,2573.10693359375,64.48001098632812,0.4620499908924103,22.425113677978516
2024-08-21,61175.19140625,2631.3955078125,64.28144836425781,0.5253900289535522,23.527414321899414
2024-08-22,60381.9140625,2622.951416015625,63.83037567138672,0.5319479703903198,25.26703453063965
2024-08-23,64094.35546875,2764.447021484375,66.20084381103516,0.5382199883460999,26.519519805908203
2024-08-24,64178.9921875,2769.3896484375,66.57865905761719,0.5721449851989746,27.165842056274414
2024-08-25,64333.54296875,2749.15771484375,64.84695434570312,0.5241919755935669,26.964920043945312
2024-08-26,62880.66015625,2681.340576171875,63.17496109008789,0.5029299855232239,25.95624542236328
2024-08-27,59504.1328125,2458.7265625,60.463035583496094,0.4660309851169586,24.101638793945312
2024-08-28,59027.625,2528.41552734375,61.802040100097656,0.43695101141929626,23.46433448791504
2024-08-29,59388.1796875,2528.792724609375,62.483680725097656,0.4250749945640564,22.90632438659668
2024-08-30,59119.4765625,2525.822021484375,64.97552490234375,0.42104700207710266,23.286901473999023
2024-08-31,58969.8984375,2513.393798828125,65.05883026123047,0.4200339913368225,22.797574996948242
2024-09-01,57325.48828125,2427.90234375,63.52634048461914,0.40231698751449585,21.44817352294922
2024-09-02,59112.48046875,2538.187255859375,65.30899810791016,0.4109269976615906,22.36886215209961
2024-09-03,57431.0234375,2420.603759765625,64.42266845703125,0.3978790044784546,21.383655548095703
2024-09-04,57971.5390625,2448.97705078125,65.4273452758789,0.3808700144290924,21.89966583251953
2024-09-05,56160.48828125,2367.737548828125,66.08258056640625,0.3685779869556427,21.366561889648438
2024-09-06,53948.75390625,2223.87646484375,63.00200653076172,0.3659299910068512,21.147371292114258
2024-09-07,54139.6875,2274.107177734375,62.0865592956543,0.3693679869174957,21.797344207763672
2024-09-08,54841.56640625,2297.29296875,60.89545440673828,0.37570399045944214,23.215967178344727
2024-09-09,57019.53515625,2358.482177734375,61.419647216796875,0.3825570046901703,23.859668731689453
2024-09-10,57648.7109375,2389.5810546875,61.54644775390625,0.380046010017395,24.359909057617188
2024-09-11,57343.171875,2339.841552734375,62.18716812133789,0.3763970136642456,23.29693603515625
2024-09-12,58127.01171875,2361.78173828125,62.84511947631836,0.37849000096321106,24.028888702392578
2024-09-13,60571.30078125,2441.607177734375,64.97948455810547,0.38234299421310425,24.952272415161133
2024-09-14,60005.12109375,2418.595703125,65.97522735595703,0.37841498851776123,25.330501556396484
2024-09-15,59182.8359375,2320.897216796875,63.336692810058594,0.38332900404930115,23.837696075439453
2024-09-16,58192.5078125,2295.28369140625,62.58589172363281,0.3768349885940552,23.51923179626465
2024-09-17,60308.5390625,2341.707763671875,63.743194580078125,0.38070398569107056,23.75840187072754
2024-09-18,61649.6796875,2369.72900390625,64.7613296508789,0.3858700096607208,24.63865089416504
2024-09-19,62940.45703125,2464.752197265625,65.44454193115234,0.3984540104866028,26.65570831298828
2024-09-20,63192.9765625,2561.072021484375,65.278564453125,0.4003260135650635,27.599931716918945
2024-09-21,63394.83984375,2615.857177734375,66.94282531738281,0.4088729918003082,27.84765625
2024-09-22,63648.7109375,2582.862548828125,68.59842681884766,0.4002630114555359,27.337196350097656
2024-09-23,63329.80078125,2648.54638671875,67.02490234375,0.4059230089187622,27.407100677490234
2024-09-24,64301.96875,2654.35498046875,66.72038269042969,0.4088349938392639,28.481760025024414
2024-09-25,63143.14453125,2579.388671875,66.58809661865234,0.40988901257514954,27.290143966674805
2024-09-26,65181.01953125,2632.199951171875,68.518310546875,0.4249730110168457,29.154499053955078
2024-09-27,65790.6640625,2695.900634765625,71.18820190429688,0.4337739944458008,30.449289321899414
2024-09-28,65887.6484375,2677.5390625,70.00396728515625,0.4235590100288391,29.330692291259766
2024-09-29,65635.3046875,2659.346923828125,69.31442260742188,0.4214189946651459,29.069881439208984
2024-09-30,63329.5,2603.062744140625,66.82044982910156,0.39591699838638306,27.738948822021484
2024-10-01,60837.0078125,2448.921142578125,63.4249382019043,0.3764120042324066,25.86651611328125
2024-10-02,60632.78515625,2365.231689453125,62.95425796508789,0.3751029968261719,25.381216049194336
2024-10-03,60759.40234375,2349.791259765625,63.45410919189453,0.3764230012893677,24.65347671508789
2024-10-04,62067.4765625,2414.7939453125,64.94314575195312,0.3837380111217499,26.24127960205078
2024-10-05,62089.94921875,2415.6318359375,66.27214813232422,0.3792870044708252,25.690710067749023
2024-10-06,62818.953125,2439.957763671875,67.06830596923828,0.38245999813079834,26.928571701049805
2024-10-07,62236.66015625,2421.796630859375,64.7729721069336,0.3755989968776703,26.556774139404297
2024-10-08,62131.96875,2439.8408203125,65.64762878417969,0.3769190013408661,26.33306884765625
2024-10-09,60582.1015625,2368.283447265625,64.54893493652344,0.3703339993953705,25.766281127929688
2024-10-10,60274.5,2383.85791015625,64.24361419677734,0.3708620071411133,25.854782104492188
2024-10-11,62445.08984375,2436.513427734375,65.5048828125,0.37432199716567993,27.41640853881836
2024-10-12,63193.0234375,2476.523193359375,66.21168518066406,0.37318500876426697,28.627531051635742
2024-10-13,62851.375,2467.677001953125,64.75692749023438,0.3687410056591034,29.171485900878906
2024-10-14,66046.125,2628.89990234375,66.8058853149414,0.3767549991607666,29.062816619873047
2024-10-15,67041.109375,2606.02197265625,70.87361145019531,0.3721579909324646,28.191293716430664
2024-10-16,67612.71875,2611.10205078125,70.07020568847656,0.37324199080467224,28.043020248413086
2024-10-17,67399.8359375,2604.2734375,72.74100494384766,0.364672988653183,27.261091232299805
2024-10-18,68418.7890625,2641.55224609375,73.12972259521484,0.3685530126094818,28.100568771362305
2024-10-19,68362.734375,2648.656982421875,74.8765640258789,0.37159299850463867,28.108549118041992
2024-10-20,69001.703125,2746.364013671875,74.31231689453125,0.3842250108718872,28.93516731262207
2024-10-21,67367.8515625,2665.712158203125,70.72498321533203,0.37188199162483215,27.74962615966797
2024-10-22,67361.40625,2620.197509765625,69.92845916748047,0.36591899394989014,27.603822708129883
2024-10-23,66432.1953125,2509.098876953125,70.15641784667969,0.3544900119304657,26.662872314453125
2024-10-24,68161.0546875,2534.49853515625,71.08497619628906,0.3561190068721771,26.833412170410156
2024-10-25,66642.4140625,2435.93408203125,68.6461181640625,0.3215329945087433,24.892988204956055
2024-10-26,67014.6953125,2479.603271484375,68.39888000488281,0.3288230001926422,25.386613845825195
2024-10-27,67929.296875,2505.940673828125,71.07989501953125,0.33041301369667053,25.732751846313477
2024-10-28,69907.7578125,2565.34814453125,70.71797180175781,0.3254449963569641,26.255901336669922
2024-10-29,72720.4921875,2637.95751953125,73.9776611328125,0.33455199003219604,26.848377227783203
2024-10-30,72339.5390625,2657.37255859375,71.84062194824219,0.3326680064201355,26.1982421875
2024-10-31,70215.1875,2515.79931640625,69.20464324951172,0.32065701484680176,25.01712417602539
2024-11-01,69482.46875,2511.885498046875,70.20695495605469,0.31807100772857666,24.79058074951172
2024-11-02,69289.2734375,2491.068603515625,69.12836456298828,0.31355801224708557,24.088130950927734
2024-11-03,68741.1171875,2456.42529296875,66.91110229492188,0.3008190095424652,23.538249969482422
2024-11-04,67811.5078125,2397.0263671875,65.49251556396484,0.2915799915790558,22.70597267150879
2024-11-05,69359.5625,2422.650634765625,65.44047546386719,0.3038789927959442,23.99547576904297
2024-11-06,75639.078125,2724.169189453125,71.02344512939453,0.33390000462532043,27.033344268798828
2024-11-07,75904.859375,2895.58544921875,71.49371337890625,0.34424999356269836,27.383121490478516
2024-11-08,76545.4765625,2962.296630859375,72.8046875,0.39261800050735474,28.776140213012695
2024-11-09,76778.8671875,3131.14453125,74.06351470947266,0.3857159912586212,30.41794776916504
2024-11-10,80474.1875,3191.331298828125,76.52312469482422,0.40695399045944214,31.9826717376709
2024-11-11,88701.484375,3374.81298828125,80.11939239501953,0.4251820147037506,35.75919723510742
2024-11-12,87955.8125,3246.25732421875,76.93087005615234,0.4009050130844116,34.04673385620117
2024-11-13,90584.1640625,3192.595947265625,75.44751739501953,0.37558498978614807,33.13338851928711
2024-11-14,87250.4296875,3058.94873046875,82.06620025634766,0.35814398527145386,31.160669326782227
2024-11-15,91066.0078125,3103.04052734375,83.69956970214844,0.37110400199890137,33.146217346191406
2024-11-16,90558.4765625,3133.27392578125,95.32144927978516,0.4256399869918823,35.11469268798828
2024-11-17,89845.8515625,3075.66162109375,87.05650329589844,0.39867401123046875,34.73808670043945
2024-11-18,90542.640625,3207.8564453125,89.17768859863281,0.4543280005455017,35.448455810546875
2024-11-19,92343.7890625,3111.384033203125,86.82052612304688,0.4329710006713867,34.27410888671875
2024-11-20,94339.4921875,3072.18798828125,83.3709487915039,0.4311769902706146,33.58571243286133
2024-11-21,98504.7265625,3361.053955078125,89.53834533691406,0.45247501134872437,35.82438659667969
2024-11-22,98997.6640625,3331.600830078125,92.07102966308594,0.49274298548698425,43.08974075317383
2024-11-23,97777.28125,3396.223388671875,99.39119720458984,0.5681489706039429,41.489986419677734
2024-11-24,98013.8203125,3363.659912109375,96.94950866699219,0.5727300047874451,42.04306411743164
2024-11-25,93102.296875,3413.5439453125,92.36376190185547,0.546459972858429,41.39607620239258
2024-11-26,91985.3203125,3326.517333984375,93.04487609863281,0.5281640291213989,42.77906036376953
2024-11-27,95962.53125,3657.249267578125,97.27632141113281,0.5804709792137146,43.91240692138672
2024-11-28,95652.46875,3579.8115234375,95.66030883789062,0.5633080005645752,42.84018325805664
2024-11-29,97461.5234375,3593.494384765625,104.0356674194336,0.5837799906730652,44.924110412597656
2024-11-30,96449.0546875,3705.705322265625,102.66780853271484,0.5985710024833679,44.89286804199219
2024-12-01,97279.7890625,3711.1650390625,119.86519622802734,0.6028810143470764,45.09182357788086
2024-12-02,95865.3046875,3644.198486328125,133.26751708984375,0.6509439945220947,52.31305694580078
2024-12-03,96002.1640625,3620.711669921875,131.7918701171875,0.7046449780464172,50.999488830566406
2024-12-04,98768.53125,3841.3310546875,134.2473907470703,0.7087010145187378,52.81734085083008
2024-12-05,96593.5703125,3811.00830078125,135.2897186279297,0.6875699758529663,50.81978225708008
2024-12-06,99920.7109375,4005.810546875,136.23870849609375,0.7148500084877014,52.589290618896484
2024-12-07,99923.3359375,4002.692626953125,133.84982299804688,0.7010520100593567,51.6760368347168
2024-12-08,101236.015625,4005.70458984375,135.17453002929688,0.7041140198707581,53.933502197265625
2024-12-09,97432.71875,3718.6904296875,110.84188079833984,0.5842790007591248,45.23026657104492
2024-12-10,96675.4296875,3631.833740234375,109.8656997680664,0.5809609889984131,44.63996505737305
2024-12-11,101173.03125,3832.822021484375,117.5313949584961,0.6295310258865356,48.37092590332031
2024-12-12,100043.0,3883.1015625,119.2668685913086,0.623354971408844,53.11970138549805
2024-12-13,101459.2578125,3911.205322265625,124.18070983886719,0.6192290186882019,52.70176315307617
2024-12-14,101372.96875,3868.4052734375,118.18441772460938,0.6011589765548706,49.83277130126953
2024-12-15,104298.6953125,3951.941162109375,121.13903045654297,0.6151059865951538,50.754615783691406
2024-12-16,106029.71875,3987.48095703125,118.15115356445312,0.5925419926643372,48.99325942993164
2024-12-17,106140.6015625,3886.76611328125,124.76040649414062,0.5648210048675537,47.83877182006836
2024-12-18,100041.5390625,3618.791259765625,108.54095458984375,0.5166919827461243,42.80390930175781
2024-12-19,97490.953125,3417.927978515625,99.68569946289062,0.47682198882102966,38.91089630126953
2024-12-20,97755.9296875,3472.553466796875,101.36201477050781,0.49818798899650574,39.81724548339844
2024-12-21,97224.7265625,3337.222412109375,101.46427154541016,0.4713349938392639,37.401676177978516
2024-12-22,95104.9375,3277.53515625,99.56405639648438,0.47287601232528687,36.51603317260742
2024-12-23,94686.2421875,3415.785400390625,106.53765869140625,0.5003309845924377,39.02850341796875
2024-12-24,98676.09375,3492.0498046875,108.32437896728516,0.5278229713439941,41.21257781982422
2024-12-25,99299.1953125,3493.2353515625,109.57795715332031,0.5142189860343933,40.24849319458008
2024-12-26,95795.515625,3331.225830078125,102.14167785644531,0.47555699944496155,37.28079605102539
2024-12-27,94164.859375,3328.9169921875,100.31396484375,0.4778760075569153,36.48052215576172
2024-12-28,95163.9296875,3397.90234375,100.58467864990234,0.4877359867095947,37.66184616088867
2024-12-29,93530.2265625,3349.513427734375,98.27505493164062,0.4651489853858948,35.826663970947266
2024-12-30,92643.2109375,3356.392578125,99.30921936035156,0.46018800139427185,35.90605545043945
2024-12-31,93429.203125,3332.53173828125,103.06851196289062,0.450545996427536,35.6909294128418
2025-01-01,94419.7578125,3353.504150390625,104.81208801269531,0.47343501448631287,37.69343948364258
2025-01-02,96886.875,3451.392578125,105.0898208618164,0.48273101449012756,39.22916030883789
2025-01-03,98107.4296875,3605.009765625,112.68724822998047,0.5182110071182251,41.88275146484375
2025-01-04,98236.2265625,3657.706787109375,111.16759490966797,0.52326500415802,42.681068420410156
2025-01-05,98314.9609375,3634.103759765625,115.46582794189453,0.516061007976532,43.0792350769043
2025-01-06,102078.0859375,3688.611328125,114.01073455810547,0.5234400033950806,44.097415924072266
2025-01-07,96922.703125,3381.577392578125,102.8379898071289,0.4700709879398346,39.26634216308594
2025-01-08,95043.5234375,3326.329345703125,101.49867248535156,0.4621489942073822,37.422332763671875
2025-01-09,92484.0390625,3219.4306640625,102.26554870605469,0.449209988117218,36.18815612792969
2025-01-10,94701.453125,3267.489990234375,104.01673126220703,0.45789799094200134,36.68634796142578
2025-01-11,94566.59375,3282.2177734375,104.37470245361328,0.45986101031303406,37.095218658447266
2025-01-12,94488.4375,3265.951171875,102.35240936279297,0.4495779871940613,36.55796432495117
2025-01-13,94516.5234375,3135.499755859375,98.4621810913086,0.4391629993915558,35.28932571411133
2025-01-14,96534.046875,3223.6845703125,102.41368865966797,0.45565301179885864,36.50234603881836
2025-01-15,100504.4921875,3450.53759765625,117.21080017089844,0.48632898926734924,39.852821350097656
2025-01-16,99756.90625,3308.34521484375,124.29759216308594,0.4729030132293701,40.04843521118164
2025-01-17,104462.0390625,3474.107177734375,136.990234375,0.5076119899749756,41.39154052734375
2025-01-18,104408.0703125,3305.78955078125,125.40595245361328,0.48260799050331116,39.24570846557617
2025-01-19,101089.609375,3208.96435546875,115.33399963378906,0.44384700059890747,35.575374603271484
2025-01-20,102016.6640625,3278.035400390625,118.42407989501953,0.4426949918270111,35.95790481567383
2025-01-21,106146.265625,3327.40625,118.90388488769531,0.45201900601387024,36.922481536865234
2025-01-22,103653.0703125,3240.224609375,115.24545288085938,0.4416230022907257,36.75145721435547
2025-01-23,103960.171875,3334.714111328125,116.507568359375,0.4423219859600067,35.59188461303711
2025-01-24,104819.484375,3309.554931640625,118.69554138183594,0.4318859875202179,35.338050842285156
2025-01-25,104714.6484375,3317.26953125,123.98307037353516,0.4355100095272064,36.62107849121094
2025-01-26,102682.5,3236.13427734375,117.20661163330078,0.43432798981666565,35.85732650756836
2025-01-27,102087.6875,3178.92041015625,114.8987045288086,0.41472500562667847,34.199623107910156
2025-01-28,101332.4765625,3077.112548828125,110.22003173828125,0.38980698585510254,32.12329864501953
2025-01-29,103703.2109375,3112.9990234375,115.69033813476562,0.3954870104789734,32.775238037109375
2025-01-30,104735.3046875,3247.780029296875,129.91165161132812,0.41267499327659607,34.310176849365234
2025-01-31,102405.0234375,3298.26513671875,128.01290893554688,0.4071969985961914,34.39764404296875
2025-02-01,100655.90625,3118.32861328125,118.91510772705078,0.3753960132598877,32.1812629699707
2025-02-02,97688.9765625,2868.69287109375,109.48184204101562,0.332271009683609,27.576316833496094
2025-02-03,101405.421875,2884.566650390625,106.95282745361328,0.3425079882144928,28.41798210144043
2025-02-04,97871.8203125,2735.05126953125,101.45013427734375,0.31341201066970825,26.524229049682617
2025-02-05,96615.4453125,2787.779052734375,103.3876953125,0.31116798520088196,25.872116088867188
2025-02-06,96593.296875,2688.40087890625,101.6890869140625,0.29698801040649414,24.507278442382812
2025-02-07,96529.0859375,2622.211181640625,103.2164077758789,0.2980180084705353,24.450775146484375
2025-02-08,96482.453125,2632.308349609375,104.68509674072266,0.3086499869823456,24.599567413330078
2025-02-09,96500.09375,2628.72119140625,107.45870208740234,0.303631991147995,24.912887573242188
2025-02-10,97437.5546875,2661.166748046875,120.08202362060547,0.3121410012245178,25.63951873779297
2025-02-11,95747.4296875,2602.781982421875,119.69583129882812,0.30773499608039856,25.39145851135254
2025-02-12,97885.859375,2736.902099609375,122.0439224243164,0.3286980092525482,26.493667602539062
2025-02-13,96623.8671875,2675.902587890625,126.31777954101562,0.3168259859085083,25.416154861450195
2025-02-14,97508.96875,2726.091552734375,125.12673950195312,0.32311999797821045,26.39476776123047
2025-02-15,97580.3515625,2693.559814453125,133.84043884277344,0.3181470036506653,25.489839553833008
2025-02-16,96175.03125,2663.31591796875,125.55438232421875,0.32516300678253174,24.837257385253906
2025-02-17,95773.3828125,2743.19970703125,122.30784606933594,0.31951698660850525,25.0288143157959
2025-02-18,95539.546875,2669.3388671875,129.49008178710938,0.3019540011882782,23.48827362060547
2025-02-19,96635.609375,2715.77099609375,135.21470642089844,0.30111199617385864,23.72795867919922
2025-02-20,98333.9375,2740.386474609375,130.60191345214844,0.307574987411499,25.14973258972168
2025-02-21,96125.546875,2659.655517578125,128.05027770996094,0.293597012758255,24.5191650390625
2025-02-22,96577.7578125,2764.029296875,126.0592269897461,0.29840201139450073,25.816495895385742
2025-02-23,96273.921875,2821.310302734375,129.94187927246094,0.2957899868488312,24.88555335998535
2025-02-24,91418.171875,2513.8212890625,114.46142578125,0.26631399989128113,21.88091278076172
2025-02-25,88736.171875,2493.592529296875,114.61450958251953,0.27247700095176697,21.931367874145508
2025-02-26,84347.0234375,2331.45263671875,124.62174224853516,0.27287501096725464,21.797014236450195
2025-02-27,84704.2265625,2305.484375,126.77029418945312,0.2769930064678192,22.493072509765625
2025-02-28,84373.0078125,2237.9052734375,127.96198272705078,0.27201199531555176,22.368793487548828
2025-03-01,86031.9140625,2216.643310546875,124.26994323730469,0.2824609875679016,21.871139526367188
2025-03-02,94248.3515625,2519.694580078125,127.49488830566406,0.303382009267807,24.94097328186035
2025-03-03,86065.671875,2145.573974609375,109.94983673095703,0.2552550137042999,20.9365177154541
2025-03-04,87222.1953125,2170.01513671875,103.70933532714844,0.2488279938697815,20.008602142333984
2025-03-05,90623.5625,2241.977294921875,104.7320785522461,0.2562899887561798,21.728666305541992
2025-03-06,89961.7265625,2202.476806640625,103.39810180664062,0.25056299567222595,21.02910804748535
2025-03-07,86742.671875,2138.987548828125,103.48184204101562,0.24122300744056702,20.0969295501709
2025-03-08,86154.59375,2201.51025390625,102.25264739990234,0.24576400220394135,20.471092224121094
2025-03-09,80601.0390625,2015.5091552734375,94.47103881835938,0.22058600187301636,17.957881927490234
2025-03-10,78532.0,1861.1513671875,87.55799102783203,0.20721200108528137,16.28597068786621
2025-03-11,82862.2109375,1919.844970703125,90.33271789550781,0.2156819999217987,17.47471809387207
2025-03-12,83722.359375,1908.982666015625,91.48965454101562,0.21659700572490692,18.89916229248047
2025-03-13,81066.703125,1862.9696044921875,88.03050231933594,0.21100899577140808,18.499713897705078
2025-03-14,83969.1015625,1909.467529296875,91.33390808105469,0.2150309979915619,18.569934844970703
2025-03-15,84343.109375,1937.3946533203125,92.5405502319336,0.21891100704669952,19.41447639465332
2025-03-16,82579.6875,1887.43505859375,90.34935760498047,0.2096319943666458,18.291139602661133
2025-03-17,84075.6875,1927.0029296875,92.36361694335938,0.2146739959716797,18.832107543945312
2025-03-18,82718.5,1932.54345703125,90.08269500732422,0.21167899668216705,19.001611709594727
2025-03-19,86854.2265625,2057.7490234375,94.05044555664062,0.22012299299240112,19.74834632873535
2025-03-20,84167.1953125,1982.099853515625,93.28262329101562,0.21137000620365143,18.730924606323242
2025-03-21,84043.2421875,1964.8475341796875,90.93335723876953,0.20630599558353424,19.154340744018555
2025-03-22,83832.484375,1980.037841796875,91.2575454711914,0.20994099974632263,19.420124053955078
2025-03-23,86054.375,2005.2991943359375,91.41535186767578,0.21272799372673035,19.811660766601562
2025-03-24,87498.9140625,2077.47900390625,93.67450714111328,0.21641500294208527,21.46042823791504
